Workbook

Sheet Sheet1
A1: MLFB Код | C1: 6MD66415EB250AA3----------------
A2: Версия ПО терминала | C2: V04.70.02
A3: Топология | C3: TEST / Аэропорт / ВТ1 / 6MD664 V4.7 АУВ В 220 Т-
A4: Версия SiemensPie | C4: C5B12D13
A5: Конфигурация устройства
A6: Адрес | B6: Параметр | C6: Значение/диапазон/шаг | D6: Задаваемый параметр | H6: Комментарий
I7: 1 | J7: 2 | K7: 3 | L7: 4 | M7: 1 | N7: 2 | O7: 3 | P7: 4
A8: 0103 | B8: Переключ Группы | C8: Выведено_x000D_ Введено | D8: Выведено | H8: Опция переключения группы уставок | I8: =TRIM(SUBSTITUTE(INDEX([1]ТУ!$A:$G,MATCH($A8,[1]ТУ!$A:$A,0),3+I$7),"*","")) -> Выведено | J8: =TRIM(SUBSTITUTE(INDEX([1]ТУ!$A:$G,MATCH($A8,[1]ТУ!$A:$A,0),3+J$7),"*","")) | K8: =TRIM(SUBSTITUTE(INDEX([1]ТУ!$A:$G,MATCH($A8,[1]ТУ!$A:$A,0),3+K$7),"*","")) | L8: =TRIM(SUBSTITUTE(INDEX([1]ТУ!$A:$G,MATCH($A8,[1]ТУ!$A:$A,0),3+L$7),"*","")) | M8: =IF($A8<>"",IFERROR(IF(SUBSTITUTE(D8,",",".")<>SUBSTITUTE(SUBSTITUTE(I8,",","."),"∞","oo"),1,""),"!"),"") | N8: =IF($A8<>"",IFERROR(IF(SUBSTITUTE(E8,",",".")<>SUBSTITUTE(SUBSTITUTE(J8,",","."),"∞","oo"),1,""),"!"),"") | O8: =IF($A8<>"",IFERROR(IF(SUBSTITUTE(F8,",",".")<>SUBSTITUTE(SUBSTITUTE(K8,",","."),"∞","oo"),1,""),"!"),"") | P8: =IF($A8<>"",IFERROR(IF(SUBSTITUTE(G8,",",".")<>SUBSTITUTE(SUBSTITUTE(L8,",","."),"∞","oo"),1,""),"!"),"")
A9: 0x2000016769F1 | B9: Изм U_1 | C9: Выведено_x000D_ Введено | D9: Введено | H9: Измерение U | I9: =TRIM(SUBSTITUTE(INDEX([1]ТУ!$A:$G,MATCH($A9,[1]ТУ!$A:$A,0),3+I$7),"*","")) -> Введено | J9: =TRIM(SUBSTITUTE(INDEX([1]ТУ!$A:$G,MATCH($A9,[1]ТУ!$A:$A,0),3+J$7),"*","")) | K9: =TRIM(SUBSTITUTE(INDEX([1]ТУ!$A:$G,MATCH($A9,[1]ТУ!$A:$A,0),3+K$7),"*","")) | L9: =TRIM(SUBSTITUTE(INDEX([1]ТУ!$A:$G,MATCH($A9,[1]ТУ!$A:$A,0),3+L$7),"*","")) | M9: =IF($A9<>"",IFERROR(IF(SUBSTITUTE(D9,",",".")<>SUBSTITUTE(SUBSTITUTE(I9,",","."),"∞","oo"),1,""),"!"),"") | N9: =IF($A9<>"",IFERROR(IF(SUBSTITUTE(E9,",",".")<>SUBSTITUTE(SUBSTITUTE(J9,",","."),"∞","oo"),1,""),"!"),"") | O9: =IF($A9<>"",IFERROR(IF(SUBSTITUTE(F9,",",".")<>SUBSTITUTE(SUBSTITUTE(K9,",","."),"∞","oo"),1,""),"!"),"") | P9: =IF($A9<>"",IFERROR(IF(SUBSTITUTE(G9,",",".")<>SUBSTITUTE(SUBSTITUTE(L9,",","."),"∞","oo"),1,""),"!"),"")
A10: 0x2000016769F2 | B10: Изм I_1 | C10: Выведено_x000D_ Введено | D10: Выведено | H10: Измерение I | I10: =TRIM(SUBSTITUTE(INDEX([1]ТУ!$A:$G,MATCH($A10,[1]ТУ!$A:$A,0),3+I$7),"*","")) -> Выведено | J10: =TRIM(SUBSTITUTE(INDEX([1]ТУ!$A:$G,MATCH($A10,[1]ТУ!$A:$A,0),3+J$7),"*","")) | K10: =TRIM(SUBSTITUTE(INDEX([1]ТУ!$A:$G,MATCH($A10,[1]ТУ!$A:$A,0),3+K$7),"*","")) | L10: =TRIM(SUBSTITUTE(INDEX([1]ТУ!$A:$G,MATCH($A10,[1]ТУ!$A:$A,0),3+L$7),"*","")) | M10: =IF($A10<>"",IFERROR(IF(SUBSTITUTE(D10,",",".")<>SUBSTITUTE(SUBSTITUTE(I10,",","."),"∞","oo"),1,""),"!"),"") | N10: =IF($A10<>"",IFERROR(IF(SUBSTITUTE(E10,",",".")<>SUBSTITUTE(SUBSTITUTE(J10,",","."),"∞","oo"),1,""),"!"),"") | O10: =IF($A10<>"",IFERROR(IF(SUBSTITUTE(F10,",",".")<>SUBSTITUTE(SUBSTITUTE(K10,",","."),"∞","oo"),1,""),"!"),"") | P10: =IF($A10<>"",IFERROR(IF(SUBSTITUTE(G10,",",".")<>SUBSTITUTE(SUBSTITUTE(L10,",","."),"∞","oo"),1,""),"!"),"")
A11: 0x2000016769F3 | B11: Изм 1ф_1 | C11: Выведено_x000D_ Введено | D11: Введено | H11: Однофазное измерение, группа измерений 1 | I11: =TRIM(SUBSTITUTE(INDEX([1]ТУ!$A:$G,MATCH($A11,[1]ТУ!$A:$A,0),3+I$7),"*","")) -> Введено | J11: =TRIM(SUBSTITUTE(INDEX([1]ТУ!$A:$G,MATCH($A11,[1]ТУ!$A:$A,0),3+J$7),"*","")) | K11: =TRIM(SUBSTITUTE(INDEX([1]ТУ!$A:$G,MATCH($A11,[1]ТУ!$A:$A,0),3+K$7),"*","")) | L11: =TRIM(SUBSTITUTE(INDEX([1]ТУ!$A:$G,MATCH($A11,[1]ТУ!$A:$A,0),3+L$7),"*","")) | M11: =IF($A11<>"",IFERROR(IF(SUBSTITUTE(D11,",",".")<>SUBSTITUTE(SUBSTITUTE(I11,",","."),"∞","oo"),1,""),"!"),"") | N11: =IF($A11<>"",IFERROR(IF(SUBSTITUTE(E11,",",".")<>SUBSTITUTE(SUBSTITUTE(J11,",","."),"∞","oo"),1,""),"!"),"") | O11: =IF($A11<>"",IFERROR(IF(SUBSTITUTE(F11,",",".")<>SUBSTITUTE(SUBSTITUTE(K11,",","."),"∞","oo"),1,""),"!"),"") | P11: =IF($A11<>"",IFERROR(IF(SUBSTITUTE(G11,",",".")<>SUBSTITUTE(SUBSTITUTE(L11,",","."),"∞","oo"),1,""),"!"),"")
A12: 0x2000016769F4 | B12: Изм 1ф_2 | C12: Выведено_x000D_ Введено | D12: Выведено | H12: Однофазное измерение, группа измерений 2 | I12: =TRIM(SUBSTITUTE(INDEX([1]ТУ!$A:$G,MATCH($A12,[1]ТУ!$A:$A,0),3+I$7),"*","")) -> Выведено | J12: =TRIM(SUBSTITUTE(INDEX([1]ТУ!$A:$G,MATCH($A12,[1]ТУ!$A:$A,0),3+J$7),"*","")) | K12: =TRIM(SUBSTITUTE(INDEX([1]ТУ!$A:$G,MATCH($A12,[1]ТУ!$A:$A,0),3+K$7),"*","")) | L12: =TRIM(SUBSTITUTE(INDEX([1]ТУ!$A:$G,MATCH($A12,[1]ТУ!$A:$A,0),3+L$7),"*","")) | M12: =IF($A12<>"",IFERROR(IF(SUBSTITUTE(D12,",",".")<>SUBSTITUTE(SUBSTITUTE(I12,",","."),"∞","oo"),1,""),"!"),"") | N12: =IF($A12<>"",IFERROR(IF(SUBSTITUTE(E12,",",".")<>SUBSTITUTE(SUBSTITUTE(J12,",","."),"∞","oo"),1,""),"!"),"") | O12: =IF($A12<>"",IFERROR(IF(SUBSTITUTE(F12,",",".")<>SUBSTITUTE(SUBSTITUTE(K12,",","."),"∞","oo"),1,""),"!"),"") | P12: =IF($A12<>"",IFERROR(IF(SUBSTITUTE(G12,",",".")<>SUBSTITUTE(SUBSTITUTE(L12,",","."),"∞","oo"),1,""),"!"),"")
A13: 0x2000016769F5 | B13: Изм 1ф_3 | C13: Выведено_x000D_ Введено | D13: Выведено | H13: Однофазное измерение, группа измерений 3 | I13: =TRIM(SUBSTITUTE(INDEX([1]ТУ!$A:$G,MATCH($A13,[1]ТУ!$A:$A,0),3+I$7),"*","")) -> Выведено | J13: =TRIM(SUBSTITUTE(INDEX([1]ТУ!$A:$G,MATCH($A13,[1]ТУ!$A:$A,0),3+J$7),"*","")) | K13: =TRIM(SUBSTITUTE(INDEX([1]ТУ!$A:$G,MATCH($A13,[1]ТУ!$A:$A,0),3+K$7),"*","")) | L13: =TRIM(SUBSTITUTE(INDEX([1]ТУ!$A:$G,MATCH($A13,[1]ТУ!$A:$A,0),3+L$7),"*","")) | M13: =IF($A13<>"",IFERROR(IF(SUBSTITUTE(D13,",",".")<>SUBSTITUTE(SUBSTITUTE(I13,",","."),"∞","oo"),1,""),"!"),"") | N13: =IF($A13<>"",IFERROR(IF(SUBSTITUTE(E13,",",".")<>SUBSTITUTE(SUBSTITUTE(J13,",","."),"∞","oo"),1,""),"!"),"") | O13: =IF($A13<>"",IFERROR(IF(SUBSTITUTE(F13,",",".")<>SUBSTITUTE(SUBSTITUTE(K13,",","."),"∞","oo"),1,""),"!"),"") | P13: =IF($A13<>"",IFERROR(IF(SUBSTITUTE(G13,",",".")<>SUBSTITUTE(SUBSTITUTE(L13,",","."),"∞","oo"),1,""),"!"),"")
A14: 0x2000016769F6 | B14: Изм 3ф_1 | C14: Выведено_x000D_ Введено | D14: Введено | H14: Трехфазное измерение, группа измерений 1 | I14: =TRIM(SUBSTITUTE(INDEX([1]ТУ!$A:$G,MATCH($A14,[1]ТУ!$A:$A,0),3+I$7),"*","")) -> Введено | J14: =TRIM(SUBSTITUTE(INDEX([1]ТУ!$A:$G,MATCH($A14,[1]ТУ!$A:$A,0),3+J$7),"*","")) | K14: =TRIM(SUBSTITUTE(INDEX([1]ТУ!$A:$G,MATCH($A14,[1]ТУ!$A:$A,0),3+K$7),"*","")) | L14: =TRIM(SUBSTITUTE(INDEX([1]ТУ!$A:$G,MATCH($A14,[1]ТУ!$A:$A,0),3+L$7),"*","")) | M14: =IF($A14<>"",IFERROR(IF(SUBSTITUTE(D14,",",".")<>SUBSTITUTE(SUBSTITUTE(I14,",","."),"∞","oo"),1,""),"!"),"") | N14: =IF($A14<>"",IFERROR(IF(SUBSTITUTE(E14,",",".")<>SUBSTITUTE(SUBSTITUTE(J14,",","."),"∞","oo"),1,""),"!"),"") | O14: =IF($A14<>"",IFERROR(IF(SUBSTITUTE(F14,",",".")<>SUBSTITUTE(SUBSTITUTE(K14,",","."),"∞","oo"),1,""),"!"),"") | P14: =IF($A14<>"",IFERROR(IF(SUBSTITUTE(G14,",",".")<>SUBSTITUTE(SUBSTITUTE(L14,",","."),"∞","oo"),1,""),"!"),"")
A15: 0x2000016769F7 | B15: Изм по сх.Арона | C15: Выведено_x000D_ Введено | D15: Выведено | H15: Измер по схем.2Ваттметров,группа измер.1 | I15: =TRIM(SUBSTITUTE(INDEX([1]ТУ!$A:$G,MATCH($A15,[1]ТУ!$A:$A,0),3+I$7),"*","")) -> Выведено | J15: =TRIM(SUBSTITUTE(INDEX([1]ТУ!$A:$G,MATCH($A15,[1]ТУ!$A:$A,0),3+J$7),"*","")) | K15: =TRIM(SUBSTITUTE(INDEX([1]ТУ!$A:$G,MATCH($A15,[1]ТУ!$A:$A,0),3+K$7),"*","")) | L15: =TRIM(SUBSTITUTE(INDEX([1]ТУ!$A:$G,MATCH($A15,[1]ТУ!$A:$A,0),3+L$7),"*","")) | M15: =IF($A15<>"",IFERROR(IF(SUBSTITUTE(D15,",",".")<>SUBSTITUTE(SUBSTITUTE(I15,",","."),"∞","oo"),1,""),"!"),"") | N15: =IF($A15<>"",IFERROR(IF(SUBSTITUTE(E15,",",".")<>SUBSTITUTE(SUBSTITUTE(J15,",","."),"∞","oo"),1,""),"!"),"") | O15: =IF($A15<>"",IFERROR(IF(SUBSTITUTE(F15,",",".")<>SUBSTITUTE(SUBSTITUTE(K15,",","."),"∞","oo"),1,""),"!"),"") | P15: =IF($A15<>"",IFERROR(IF(SUBSTITUTE(G15,",",".")<>SUBSTITUTE(SUBSTITUTE(L15,",","."),"∞","oo"),1,""),"!"),"")
A16: 0x2000016769DD | B16: ФункцСинхрон 1 | C16: Выведено_x000D_ Введено | D16: Выведено | H16: Функция синхронизации 1 | I16: =TRIM(SUBSTITUTE(INDEX([1]ТУ!$A:$G,MATCH($A16,[1]ТУ!$A:$A,0),3+I$7),"*","")) -> Выведено | J16: =TRIM(SUBSTITUTE(INDEX([1]ТУ!$A:$G,MATCH($A16,[1]ТУ!$A:$A,0),3+J$7),"*","")) | K16: =TRIM(SUBSTITUTE(INDEX([1]ТУ!$A:$G,MATCH($A16,[1]ТУ!$A:$A,0),3+K$7),"*","")) | L16: =TRIM(SUBSTITUTE(INDEX([1]ТУ!$A:$G,MATCH($A16,[1]ТУ!$A:$A,0),3+L$7),"*","")) | M16: =IF($A16<>"",IFERROR(IF(SUBSTITUTE(D16,",",".")<>SUBSTITUTE(SUBSTITUTE(I16,",","."),"∞","oo"),1,""),"!"),"") | N16: =IF($A16<>"",IFERROR(IF(SUBSTITUTE(E16,",",".")<>SUBSTITUTE(SUBSTITUTE(J16,",","."),"∞","oo"),1,""),"!"),"") | O16: =IF($A16<>"",IFERROR(IF(SUBSTITUTE(F16,",",".")<>SUBSTITUTE(SUBSTITUTE(K16,",","."),"∞","oo"),1,""),"!"),"") | P16: =IF($A16<>"",IFERROR(IF(SUBSTITUTE(G16,",",".")<>SUBSTITUTE(SUBSTITUTE(L16,",","."),"∞","oo"),1,""),"!"),"")
A17: 0x2000016769DE | B17: ФункцСинхрон 2 | C17: Выведено_x000D_ Введено | D17: Выведено | H17: Функция синхронизации 2 | I17: =TRIM(SUBSTITUTE(INDEX([1]ТУ!$A:$G,MATCH($A17,[1]ТУ!$A:$A,0),3+I$7),"*","")) -> Выведено | J17: =TRIM(SUBSTITUTE(INDEX([1]ТУ!$A:$G,MATCH($A17,[1]ТУ!$A:$A,0),3+J$7),"*","")) | K17: =TRIM(SUBSTITUTE(INDEX([1]ТУ!$A:$G,MATCH($A17,[1]ТУ!$A:$A,0),3+K$7),"*","")) | L17: =TRIM(SUBSTITUTE(INDEX([1]ТУ!$A:$G,MATCH($A17,[1]ТУ!$A:$A,0),3+L$7),"*","")) | M17: =IF($A17<>"",IFERROR(IF(SUBSTITUTE(D17,",",".")<>SUBSTITUTE(SUBSTITUTE(I17,",","."),"∞","oo"),1,""),"!"),"") | N17: =IF($A17<>"",IFERROR(IF(SUBSTITUTE(E17,",",".")<>SUBSTITUTE(SUBSTITUTE(J17,",","."),"∞","oo"),1,""),"!"),"") | O17: =IF($A17<>"",IFERROR(IF(SUBSTITUTE(F17,",",".")<>SUBSTITUTE(SUBSTITUTE(K17,",","."),"∞","oo"),1,""),"!"),"") | P17: =IF($A17<>"",IFERROR(IF(SUBSTITUTE(G17,",",".")<>SUBSTITUTE(SUBSTITUTE(L17,",","."),"∞","oo"),1,""),"!"),"")
A18: 0x2000016769DF | B18: ФункцСинхрон 3 | C18: Выведено_x000D_ Введено | D18: Выведено | H18: Функция синхронизации 3 | I18: =TRIM(SUBSTITUTE(INDEX([1]ТУ!$A:$G,MATCH($A18,[1]ТУ!$A:$A,0),3+I$7),"*","")) -> Выведено | J18: =TRIM(SUBSTITUTE(INDEX([1]ТУ!$A:$G,MATCH($A18,[1]ТУ!$A:$A,0),3+J$7),"*","")) | K18: =TRIM(SUBSTITUTE(INDEX([1]ТУ!$A:$G,MATCH($A18,[1]ТУ!$A:$A,0),3+K$7),"*","")) | L18: =TRIM(SUBSTITUTE(INDEX([1]ТУ!$A:$G,MATCH($A18,[1]ТУ!$A:$A,0),3+L$7),"*","")) | M18: =IF($A18<>"",IFERROR(IF(SUBSTITUTE(D18,",",".")<>SUBSTITUTE(SUBSTITUTE(I18,",","."),"∞","oo"),1,""),"!"),"") | N18: =IF($A18<>"",IFERROR(IF(SUBSTITUTE(E18,",",".")<>SUBSTITUTE(SUBSTITUTE(J18,",","."),"∞","oo"),1,""),"!"),"") | O18: =IF($A18<>"",IFERROR(IF(SUBSTITUTE(F18,",",".")<>SUBSTITUTE(SUBSTITUTE(K18,",","."),"∞","oo"),1,""),"!"),"") | P18: =IF($A18<>"",IFERROR(IF(SUBSTITUTE(G18,",",".")<>SUBSTITUTE(SUBSTITUTE(L18,",","."),"∞","oo"),1,""),"!"),"")
A19: 0x2000016769E0 | B19: ФункцСинхрон 4 | C19: Выведено_x000D_ Введено | D19: Выведено | H19: Функция синхронизации 4 | I19: =TRIM(SUBSTITUTE(INDEX([1]ТУ!$A:$G,MATCH($A19,[1]ТУ!$A:$A,0),3+I$7),"*","")) -> Выведено | J19: =TRIM(SUBSTITUTE(INDEX([1]ТУ!$A:$G,MATCH($A19,[1]ТУ!$A:$A,0),3+J$7),"*","")) | K19: =TRIM(SUBSTITUTE(INDEX([1]ТУ!$A:$G,MATCH($A19,[1]ТУ!$A:$A,0),3+K$7),"*","")) | L19: =TRIM(SUBSTITUTE(INDEX([1]ТУ!$A:$G,MATCH($A19,[1]ТУ!$A:$A,0),3+L$7),"*","")) | M19: =IF($A19<>"",IFERROR(IF(SUBSTITUTE(D19,",",".")<>SUBSTITUTE(SUBSTITUTE(I19,",","."),"∞","oo"),1,""),"!"),"") | N19: =IF($A19<>"",IFERROR(IF(SUBSTITUTE(E19,",",".")<>SUBSTITUTE(SUBSTITUTE(J19,",","."),"∞","oo"),1,""),"!"),"") | O19: =IF($A19<>"",IFERROR(IF(SUBSTITUTE(F19,",",".")<>SUBSTITUTE(SUBSTITUTE(K19,",","."),"∞","oo"),1,""),"!"),"") | P19: =IF($A19<>"",IFERROR(IF(SUBSTITUTE(G19,",",".")<>SUBSTITUTE(SUBSTITUTE(L19,",","."),"∞","oo"),1,""),"!"),"")
... A27: 0139 | B27: УРОВ | C27: Выведено_x000D_ Введено | D27: Введено | H27: Устр. резерв. отказа выключателя (УРОВ) | I27: =TRIM(SUBSTITUTE(INDEX([1]ТУ!$A:$G,MATCH($A27,[1]ТУ!$A:$A,0),3+I$7),"*","")) -> Введено | J27: =TRIM(SUBSTITUTE(INDEX([1]ТУ!$A:$G,MATCH($A27,[1]ТУ!$A:$A,0),3+J$7),"*","")) | K27: =TRIM(SUBSTITUTE(INDEX([1]ТУ!$A:$G,MATCH($A27,[1]ТУ!$A:$A,0),3+K$7),"*","")) | L27: =TRIM(SUBSTITUTE(INDEX([1]ТУ!$A:$G,MATCH($A27,[1]ТУ!$A:$A,0),3+L$7),"*","")) | M27: =IF($A27<>"",IFERROR(IF(SUBSTITUTE(D27,",",".")<>SUBSTITUTE(SUBSTITUTE(I27,",","."),"∞","oo"),1,""),"!"),"") | N27: =IF($A27<>"",IFERROR(IF(SUBSTITUTE(E27,",",".")<>SUBSTITUTE(SUBSTITUTE(J27,",","."),"∞","oo"),1,""),"!"),"") | O27: =IF($A27<>"",IFERROR(IF(SUBSTITUTE(F27,",",".")<>SUBSTITUTE(SUBSTITUTE(K27,",","."),"∞","oo"),1,""),"!"),"") | P27: =IF($A27<>"",IFERROR(IF(SUBSTITUTE(G27,",",".")<>SUBSTITUTE(SUBSTITUTE(L27,",","."),"∞","oo"),1,""),"!"),"")
A28: Общие установки утройства | I28: =TRIM(SUBSTITUTE(INDEX([1]ТУ!$A:$G,MATCH($A28,[1]ТУ!$A:$A,0),3+I$7),"*","")) -> #N/A | J28: =TRIM(SUBSTITUTE(INDEX([1]ТУ!$A:$G,MATCH($A28,[1]ТУ!$A:$A,0),3+J$7),"*","")) -> #N/A | K28: =TRIM(SUBSTITUTE(INDEX([1]ТУ!$A:$G,MATCH($A28,[1]ТУ!$A:$A,0),3+K$7),"*","")) -> #N/A | L28: =TRIM(SUBSTITUTE(INDEX([1]ТУ!$A:$G,MATCH($A28,[1]ТУ!$A:$A,0),3+L$7),"*","")) -> #N/A | M28: =IF($A28<>"",IFERROR(IF(SUBSTITUTE(D28,",",".")<>SUBSTITUTE(SUBSTITUTE(I28,",","."),"∞","oo"),1,""),"!"),"") -> ! | N28: =IF($A28<>"",IFERROR(IF(SUBSTITUTE(E28,",",".")<>SUBSTITUTE(SUBSTITUTE(J28,",","."),"∞","oo"),1,""),"!"),"") -> ! | O28: =IF($A28<>"",IFERROR(IF(SUBSTITUTE(F28,",",".")<>SUBSTITUTE(SUBSTITUTE(K28,",","."),"∞","oo"),1,""),"!"),"") -> ! | P28: =IF($A28<>"",IFERROR(IF(SUBSTITUTE(G28,",",".")<>SUBSTITUTE(SUBSTITUTE(L28,",","."),"∞","oo"),1,""),"!"),"") -> !
A29: Общее | I29: =TRIM(SUBSTITUTE(INDEX([1]ТУ!$A:$G,MATCH($A29,[1]ТУ!$A:$A,0),3+I$7),"*","")) | J29: =TRIM(SUBSTITUTE(INDEX([1]ТУ!$A:$G,MATCH($A29,[1]ТУ!$A:$A,0),3+J$7),"*","")) | K29: =TRIM(SUBSTITUTE(INDEX([1]ТУ!$A:$G,MATCH($A29,[1]ТУ!$A:$A,0),3+K$7),"*","")) | L29: =TRIM(SUBSTITUTE(INDEX([1]ТУ!$A:$G,MATCH($A29,[1]ТУ!$A:$A,0),3+L$7),"*","")) | M29: =IF($A29<>"",IFERROR(IF(SUBSTITUTE(D29,",",".")<>SUBSTITUTE(SUBSTITUTE(I29,",","."),"∞","oo"),1,""),"!"),"") | N29: =IF($A29<>"",IFERROR(IF(SUBSTITUTE(E29,",",".")<>SUBSTITUTE(SUBSTITUTE(J29,",","."),"∞","oo"),1,""),"!"),"") | O29: =IF($A29<>"",IFERROR(IF(SUBSTITUTE(F29,",",".")<>SUBSTITUTE(SUBSTITUTE(K29,",","."),"∞","oo"),1,""),"!"),"") | P29: =IF($A29<>"",IFERROR(IF(SUBSTITUTE(G29,",",".")<>SUBSTITUTE(SUBSTITUTE(L29,",","."),"∞","oo"),1,""),"!"),"")
A30: Адрес | B30: Параметр | C30: Значение/диапазон/шаг | D30: Задаваемый параметр | H30: Комментарий | I30: =TRIM(SUBSTITUTE(INDEX([1]ТУ!$A:$G,MATCH($A30,[1]ТУ!$A:$A,0),3+I$7),"*","")) -> Задаваемый параметр | J30: =TRIM(SUBSTITUTE(INDEX([1]ТУ!$A:$G,MATCH($A30,[1]ТУ!$A:$A,0),3+J$7),"*","")) | K30: =TRIM(SUBSTITUTE(INDEX([1]ТУ!$A:$G,MATCH($A30,[1]ТУ!$A:$A,0),3+K$7),"*","")) | L30: =TRIM(SUBSTITUTE(INDEX([1]ТУ!$A:$G,MATCH($A30,[1]ТУ!$A:$A,0),3+L$7),"*","")) | M30: =IF($A30<>"",IFERROR(IF(SUBSTITUTE(D30,",",".")<>SUBSTITUTE(SUBSTITUTE(I30,",","."),"∞","oo"),1,""),"!"),"") | N30: =IF($A30<>"",IFERROR(IF(SUBSTITUTE(E30,",",".")<>SUBSTITUTE(SUBSTITUTE(J30,",","."),"∞","oo"),1,""),"!"),"") | O30: =IF($A30<>"",IFERROR(IF(SUBSTITUTE(F30,",",".")<>SUBSTITUTE(SUBSTITUTE(K30,",","."),"∞","oo"),1,""),"!"),"") | P30: =IF($A30<>"",IFERROR(IF(SUBSTITUTE(G30,",",".")<>SUBSTITUTE(SUBSTITUTE(L30,",","."),"∞","oo"),1,""),"!"),"")
I31: =TRIM(SUBSTITUTE(INDEX([1]ТУ!$A:$G,MATCH($A31,[1]ТУ!$A:$A,0),3+I$7),"*","")) -> #N/A | J31: =TRIM(SUBSTITUTE(INDEX([1]ТУ!$A:$G,MATCH($A31,[1]ТУ!$A:$A,0),3+J$7),"*","")) -> #N/A | K31: =TRIM(SUBSTITUTE(INDEX([1]ТУ!$A:$G,MATCH($A31,[1]ТУ!$A:$A,0),3+K$7),"*","")) -> #N/A | L31: =TRIM(SUBSTITUTE(INDEX([1]ТУ!$A:$G,MATCH($A31,[1]ТУ!$A:$A,0),3+L$7),"*","")) -> #N/A | M31: =IF($A31<>"",IFERROR(IF(SUBSTITUTE(D31,",",".")<>SUBSTITUTE(SUBSTITUTE(I31,",","."),"∞","oo"),1,""),"!"),"") | N31: =IF($A31<>"",IFERROR(IF(SUBSTITUTE(E31,",",".")<>SUBSTITUTE(SUBSTITUTE(J31,",","."),"∞","oo"),1,""),"!"),"") | O31: =IF($A31<>"",IFERROR(IF(SUBSTITUTE(F31,",",".")<>SUBSTITUTE(SUBSTITUTE(K31,",","."),"∞","oo"),1,""),"!"),"") | P31: =IF($A31<>"",IFERROR(IF(SUBSTITUTE(G31,",",".")<>SUBSTITUTE(SUBSTITUTE(L31,",","."),"∞","oo"),1,""),"!"),"")
A32: 0401 | B32: Время подсветки | C32: 1 … 60 мин | D32: 10 мин | H32: Время подсветки | I32: =TRIM(SUBSTITUTE(INDEX([1]ТУ!$A:$G,MATCH($A32,[1]ТУ!$A:$A,0),3+I$7),"*","")) -> #N/A | J32: =TRIM(SUBSTITUTE(INDEX([1]ТУ!$A:$G,MATCH($A32,[1]ТУ!$A:$A,0),3+J$7),"*","")) -> #N/A | K32: =TRIM(SUBSTITUTE(INDEX([1]ТУ!$A:$G,MATCH($A32,[1]ТУ!$A:$A,0),3+K$7),"*","")) -> #N/A | L32: =TRIM(SUBSTITUTE(INDEX([1]ТУ!$A:$G,MATCH($A32,[1]ТУ!$A:$A,0),3+L$7),"*","")) -> #N/A | M32: =IF($A32<>"",IFERROR(IF(SUBSTITUTE(D32,",",".")<>SUBSTITUTE(SUBSTITUTE(I32,",","."),"∞","oo"),1,""),"!"),"") -> ! | N32: =IF($A32<>"",IFERROR(IF(SUBSTITUTE(E32,",",".")<>SUBSTITUTE(SUBSTITUTE(J32,",","."),"∞","oo"),1,""),"!"),"") -> ! | O32: =IF($A32<>"",IFERROR(IF(SUBSTITUTE(F32,",",".")<>SUBSTITUTE(SUBSTITUTE(K32,",","."),"∞","oo"),1,""),"!"),"") -> ! | P32: =IF($A32<>"",IFERROR(IF(SUBSTITUTE(G32,",",".")<>SUBSTITUTE(SUBSTITUTE(L32,",","."),"∞","oo"),1,""),"!"),"") -> !
A33: 0402 | B33: DIGSI задн.порт | C33: Выведено_x000D_ Порт С_x000D_ Порт D | D33: Порт D | H33: Задний порт для DIGSI | I33: =TRIM(SUBSTITUTE(INDEX([1]ТУ!$A:$G,MATCH($A33,[1]ТУ!$A:$A,0),3+I$7),"*","")) -> #N/A | J33: =TRIM(SUBSTITUTE(INDEX([1]ТУ!$A:$G,MATCH($A33,[1]ТУ!$A:$A,0),3+J$7),"*","")) -> #N/A | K33: =TRIM(SUBSTITUTE(INDEX([1]ТУ!$A:$G,MATCH($A33,[1]ТУ!$A:$A,0),3+K$7),"*","")) -> #N/A | L33: =TRIM(SUBSTITUTE(INDEX([1]ТУ!$A:$G,MATCH($A33,[1]ТУ!$A:$A,0),3+L$7),"*","")) -> #N/A | M33: =IF($A33<>"",IFERROR(IF(SUBSTITUTE(D33,",",".")<>SUBSTITUTE(SUBSTITUTE(I33,",","."),"∞","oo"),1,""),"!"),"") -> ! | N33: =IF($A33<>"",IFERROR(IF(SUBSTITUTE(E33,",",".")<>SUBSTITUTE(SUBSTITUTE(J33,",","."),"∞","oo"),1,""),"!"),"") -> ! | O33: =IF($A33<>"",IFERROR(IF(SUBSTITUTE(F33,",",".")<>SUBSTITUTE(SUBSTITUTE(K33,",","."),"∞","oo"),1,""),"!"),"") -> ! | P33: =IF($A33<>"",IFERROR(IF(SUBSTITUTE(G33,",",".")<>SUBSTITUTE(SUBSTITUTE(L33,",","."),"∞","oo"),1,""),"!"),"") -> !
A34: 0407 | B34: ИндПовр СД/Дсп | C34: Отображение сообщений при каждом пуске_x000D_ Отображение сообщений только при откл. | D34: Отображение сообщений при каждом пуске | H34: Индикация повреждений: светодиод/дисплей | I34: =TRIM(SUBSTITUTE(INDEX([1]ТУ!$A:$G,MATCH($A34,[1]ТУ!$A:$A,0),3+I$7),"*","")) -> #N/A | J34: =TRIM(SUBSTITUTE(INDEX([1]ТУ!$A:$G,MATCH($A34,[1]ТУ!$A:$A,0),3+J$7),"*","")) -> #N/A | K34: =TRIM(SUBSTITUTE(INDEX([1]ТУ!$A:$G,MATCH($A34,[1]ТУ!$A:$A,0),3+K$7),"*","")) -> #N/A | L34: =TRIM(SUBSTITUTE(INDEX([1]ТУ!$A:$G,MATCH($A34,[1]ТУ!$A:$A,0),3+L$7),"*","")) -> #N/A | M34: =IF($A34<>"",IFERROR(IF(SUBSTITUTE(D34,",",".")<>SUBSTITUTE(SUBSTITUTE(I34,",","."),"∞","oo"),1,""),"!"),"") -> ! | N34: =IF($A34<>"",IFERROR(IF(SUBSTITUTE(E34,",",".")<>SUBSTITUTE(SUBSTITUTE(J34,",","."),"∞","oo"),1,""),"!"),"") -> ! | O34: =IF($A34<>"",IFERROR(IF(SUBSTITUTE(F34,",",".")<>SUBSTITUTE(SUBSTITUTE(K34,",","."),"∞","oo"),1,""),"!"),"") -> ! | P34: =IF($A34<>"",IFERROR(IF(SUBSTITUTE(G34,",",".")<>SUBSTITUTE(SUBSTITUTE(L34,",","."),"∞","oo"),1,""),"!"),"") -> !
A35: 0408 | B35: СпонтОтобрПовр | C35: НЕТ_x000D_ ДА | D35: НЕТ | H35: Спонтанное отображ.сообщений о поврежд. | I35: =TRIM(SUBSTITUTE(INDEX([1]ТУ!$A:$G,MATCH($A35,[1]ТУ!$A:$A,0),3+I$7),"*","")) -> #N/A | J35: =TRIM(SUBSTITUTE(INDEX([1]ТУ!$A:$G,MATCH($A35,[1]ТУ!$A:$A,0),3+J$7),"*","")) -> #N/A | K35: =TRIM(SUBSTITUTE(INDEX([1]ТУ!$A:$G,MATCH($A35,[1]ТУ!$A:$A,0),3+K$7),"*","")) -> #N/A | L35: =TRIM(SUBSTITUTE(INDEX([1]ТУ!$A:$G,MATCH($A35,[1]ТУ!$A:$A,0),3+L$7),"*","")) -> #N/A | M35: =IF($A35<>"",IFERROR(IF(SUBSTITUTE(D35,",",".")<>SUBSTITUTE(SUBSTITUTE(I35,",","."),"∞","oo"),1,""),"!"),"") -> ! | N35: =IF($A35<>"",IFERROR(IF(SUBSTITUTE(E35,",",".")<>SUBSTITUTE(SUBSTITUTE(J35,",","."),"∞","oo"),1,""),"!"),"") -> ! | O35: =IF($A35<>"",IFERROR(IF(SUBSTITUTE(F35,",",".")<>SUBSTITUTE(SUBSTITUTE(K35,",","."),"∞","oo"),1,""),"!"),"") -> ! | P35: =IF($A35<>"",IFERROR(IF(SUBSTITUTE(G35,",",".")<>SUBSTITUTE(SUBSTITUTE(L35,",","."),"∞","oo"),1,""),"!"),"") -> !
A36: Данные энергосистемы 1 | I36: =TRIM(SUBSTITUTE(INDEX([1]ТУ!$A:$G,MATCH($A36,[1]ТУ!$A:$A,0),3+I$7),"*","")) | J36: =TRIM(SUBSTITUTE(INDEX([1]ТУ!$A:$G,MATCH($A36,[1]ТУ!$A:$A,0),3+J$7),"*","")) | K36: =TRIM(SUBSTITUTE(INDEX([1]ТУ!$A:$G,MATCH($A36,[1]ТУ!$A:$A,0),3+K$7),"*","")) | L36: =TRIM(SUBSTITUTE(INDEX([1]ТУ!$A:$G,MATCH($A36,[1]ТУ!$A:$A,0),3+L$7),"*","")) | M36: =IF($A36<>"",IFERROR(IF(SUBSTITUTE(D36,",",".")<>SUBSTITUTE(SUBSTITUTE(I36,",","."),"∞","oo"),1,""),"!"),"") | N36: =IF($A36<>"",IFERROR(IF(SUBSTITUTE(E36,",",".")<>SUBSTITUTE(SUBSTITUTE(J36,",","."),"∞","oo"),1,""),"!"),"") | O36: =IF($A36<>"",IFERROR(IF(SUBSTITUTE(F36,",",".")<>SUBSTITUTE(SUBSTITUTE(K36,",","."),"∞","oo"),1,""),"!"),"") | P36: =IF($A36<>"",IFERROR(IF(SUBSTITUTE(G36,",",".")<>SUBSTITUTE(SUBSTITUTE(L36,",","."),"∞","oo"),1,""),"!"),"")
A37: Параметры сети | I37: =TRIM(SUBSTITUTE(INDEX([1]ТУ!$A:$G,MATCH($A37,[1]ТУ!$A:$A,0),3+I$7),"*","")) | J37: =TRIM(SUBSTITUTE(INDEX([1]ТУ!$A:$G,MATCH($A37,[1]ТУ!$A:$A,0),3+J$7),"*","")) | K37: =TRIM(SUBSTITUTE(INDEX([1]ТУ!$A:$G,MATCH($A37,[1]ТУ!$A:$A,0),3+K$7),"*","")) | L37: =TRIM(SUBSTITUTE(INDEX([1]ТУ!$A:$G,MATCH($A37,[1]ТУ!$A:$A,0),3+L$7),"*","")) | M37: =IF($A37<>"",IFERROR(IF(SUBSTITUTE(D37,",",".")<>SUBSTITUTE(SUBSTITUTE(I37,",","."),"∞","oo"),1,""),"!"),"") | N37: =IF($A37<>"",IFERROR(IF(SUBSTITUTE(E37,",",".")<>SUBSTITUTE(SUBSTITUTE(J37,",","."),"∞","oo"),1,""),"!"),"") | O37: =IF($A37<>"",IFERROR(IF(SUBSTITUTE(F37,",",".")<>SUBSTITUTE(SUBSTITUTE(K37,",","."),"∞","oo"),1,""),"!"),"") | P37: =IF($A37<>"",IFERROR(IF(SUBSTITUTE(G37,",",".")<>SUBSTITUTE(SUBSTITUTE(L37,",","."),"∞","oo"),1,""),"!"),"")
A38: Адрес | B38: Параметр | C38: Значение/диапазон/шаг | D38: Задаваемый параметр | H38: Комментарий | I38: =TRIM(SUBSTITUTE(INDEX([1]ТУ!$A:$G,MATCH($A38,[1]ТУ!$A:$A,0),3+I$7),"*","")) -> Задаваемый параметр | J38: =TRIM(SUBSTITUTE(INDEX([1]ТУ!$A:$G,MATCH($A38,[1]ТУ!$A:$A,0),3+J$7),"*","")) | K38: =TRIM(SUBSTITUTE(INDEX([1]ТУ!$A:$G,MATCH($A38,[1]ТУ!$A:$A,0),3+K$7),"*","")) | L38: =TRIM(SUBSTITUTE(INDEX([1]ТУ!$A:$G,MATCH($A38,[1]ТУ!$A:$A,0),3+L$7),"*","")) | M38: =IF($A38<>"",IFERROR(IF(SUBSTITUTE(D38,",",".")<>SUBSTITUTE(SUBSTITUTE(I38,",","."),"∞","oo"),1,""),"!"),"") | N38: =IF($A38<>"",IFERROR(IF(SUBSTITUTE(E38,",",".")<>SUBSTITUTE(SUBSTITUTE(J38,",","."),"∞","oo"),1,""),"!"),"") | O38: =IF($A38<>"",IFERROR(IF(SUBSTITUTE(F38,",",".")<>SUBSTITUTE(SUBSTITUTE(K38,",","."),"∞","oo"),1,""),"!"),"") | P38: =IF($A38<>"",IFERROR(IF(SUBSTITUTE(G38,",",".")<>SUBSTITUTE(SUBSTITUTE(L38,",","."),"∞","oo"),1,""),"!"),"")
I39: =TRIM(SUBSTITUTE(INDEX([1]ТУ!$A:$G,MATCH($A39,[1]ТУ!$A:$A,0),3+I$7),"*","")) -> #N/A | J39: =TRIM(SUBSTITUTE(INDEX([1]ТУ!$A:$G,MATCH($A39,[1]ТУ!$A:$A,0),3+J$7),"*","")) -> #N/A | K39: =TRIM(SUBSTITUTE(INDEX([1]ТУ!$A:$G,MATCH($A39,[1]ТУ!$A:$A,0),3+K$7),"*","")) -> #N/A | L39: =TRIM(SUBSTITUTE(INDEX([1]ТУ!$A:$G,MATCH($A39,[1]ТУ!$A:$A,0),3+L$7),"*","")) -> #N/A | M39: =IF($A39<>"",IFERROR(IF(SUBSTITUTE(D39,",",".")<>SUBSTITUTE(SUBSTITUTE(I39,",","."),"∞","oo"),1,""),"!"),"") | N39: =IF($A39<>"",IFERROR(IF(SUBSTITUTE(E39,",",".")<>SUBSTITUTE(SUBSTITUTE(J39,",","."),"∞","oo"),1,""),"!"),"") | O39: =IF($A39<>"",IFERROR(IF(SUBSTITUTE(F39,",",".")<>SUBSTITUTE(SUBSTITUTE(K39,",","."),"∞","oo"),1,""),"!"),"") | P39: =IF($A39<>"",IFERROR(IF(SUBSTITUTE(G39,",",".")<>SUBSTITUTE(SUBSTITUTE(L39,",","."),"∞","oo"),1,""),"!"),"")
A40: 0203 | B40: Uном Первич | C40: 1.0 … 1200.0 кВ | D40: 220.0 кВ | H40: Первичное номинальное напряжение | I40: =TRIM(SUBSTITUTE(INDEX([1]ТУ!$A:$G,MATCH($A40,[1]ТУ!$A:$A,0),3+I$7),"*","")) -> 220 кВ | J40: =TRIM(SUBSTITUTE(INDEX([1]ТУ!$A:$G,MATCH($A40,[1]ТУ!$A:$A,0),3+J$7),"*","")) | K40: =TRIM(SUBSTITUTE(INDEX([1]ТУ!$A:$G,MATCH($A40,[1]ТУ!$A:$A,0),3+K$7),"*","")) | L40: =TRIM(SUBSTITUTE(INDEX([1]ТУ!$A:$G,MATCH($A40,[1]ТУ!$A:$A,0),3+L$7),"*","")) | M40: =IF($A40<>"",IFERROR(IF(SUBSTITUTE(D40,",",".")<>SUBSTITUTE(SUBSTITUTE(I40,",","."),"∞","oo"),1,""),"!"),"") -> 1 | N40: =IF($A40<>"",IFERROR(IF(SUBSTITUTE(E40,",",".")<>SUBSTITUTE(SUBSTITUTE(J40,",","."),"∞","oo"),1,""),"!"),"") | O40: =IF($A40<>"",IFERROR(IF(SUBSTITUTE(F40,",",".")<>SUBSTITUTE(SUBSTITUTE(K40,",","."),"∞","oo"),1,""),"!"),"") | P40: =IF($A40<>"",IFERROR(IF(SUBSTITUTE(G40,",",".")<>SUBSTITUTE(SUBSTITUTE(L40,",","."),"∞","oo"),1,""),"!"),"")
A41: 0204 | B41: Uном Вторич | C41: 80 … 125 В | D41: 100 В | H41: Вторичное номинальное напряжение | I41: =TRIM(SUBSTITUTE(INDEX([1]ТУ!$A:$G,MATCH($A41,[1]ТУ!$A:$A,0),3+I$7),"*","")) -> 100 В | J41: =TRIM(SUBSTITUTE(INDEX([1]ТУ!$A:$G,MATCH($A41,[1]ТУ!$A:$A,0),3+J$7),"*","")) | K41: =TRIM(SUBSTITUTE(INDEX([1]ТУ!$A:$G,MATCH($A41,[1]ТУ!$A:$A,0),3+K$7),"*","")) | L41: =TRIM(SUBSTITUTE(INDEX([1]ТУ!$A:$G,MATCH($A41,[1]ТУ!$A:$A,0),3+L$7),"*","")) | M41: =IF($A41<>"",IFERROR(IF(SUBSTITUTE(D41,",",".")<>SUBSTITUTE(SUBSTITUTE(I41,",","."),"∞","oo"),1,""),"!"),"") | N41: =IF($A41<>"",IFERROR(IF(SUBSTITUTE(E41,",",".")<>SUBSTITUTE(SUBSTITUTE(J41,",","."),"∞","oo"),1,""),"!"),"") | O41: =IF($A41<>"",IFERROR(IF(SUBSTITUTE(F41,",",".")<>SUBSTITUTE(SUBSTITUTE(K41,",","."),"∞","oo"),1,""),"!"),"") | P41: =IF($A41<>"",IFERROR(IF(SUBSTITUTE(G41,",",".")<>SUBSTITUTE(SUBSTITUTE(L41,",","."),"∞","oo"),1,""),"!"),"")
A42: 0205 | B42: Iном первич ТТ | C42: 10 … 5000 А | D42: 1000 А | H42: Первичный номинальный ток ТТ | I42: =TRIM(SUBSTITUTE(INDEX([1]ТУ!$A:$G,MATCH($A42,[1]ТУ!$A:$A,0),3+I$7),"*","")) -> 1000 А | J42: =TRIM(SUBSTITUTE(INDEX([1]ТУ!$A:$G,MATCH($A42,[1]ТУ!$A:$A,0),3+J$7),"*","")) | K42: =TRIM(SUBSTITUTE(INDEX([1]ТУ!$A:$G,MATCH($A42,[1]ТУ!$A:$A,0),3+K$7),"*","")) | L42: =TRIM(SUBSTITUTE(INDEX([1]ТУ!$A:$G,MATCH($A42,[1]ТУ!$A:$A,0),3+L$7),"*","")) | M42: =IF($A42<>"",IFERROR(IF(SUBSTITUTE(D42,",",".")<>SUBSTITUTE(SUBSTITUTE(I42,",","."),"∞","oo"),1,""),"!"),"") | N42: =IF($A42<>"",IFERROR(IF(SUBSTITUTE(E42,",",".")<>SUBSTITUTE(SUBSTITUTE(J42,",","."),"∞","oo"),1,""),"!"),"") | O42: =IF($A42<>"",IFERROR(IF(SUBSTITUTE(F42,",",".")<>SUBSTITUTE(SUBSTITUTE(K42,",","."),"∞","oo"),1,""),"!"),"") | P42: =IF($A42<>"",IFERROR(IF(SUBSTITUTE(G42,",",".")<>SUBSTITUTE(SUBSTITUTE(L42,",","."),"∞","oo"),1,""),"!"),"")
A43: 0206 | B43: Iном вротич ТТ | C43: 1А_x000D_ 5А | D43: 1А | H43: Вторичный номинальный ток ТТ | I43: =TRIM(SUBSTITUTE(INDEX([1]ТУ!$A:$G,MATCH($A43,[1]ТУ!$A:$A,0),3+I$7),"*","")) -> 1А | J43: =TRIM(SUBSTITUTE(INDEX([1]ТУ!$A:$G,MATCH($A43,[1]ТУ!$A:$A,0),3+J$7),"*","")) | K43: =TRIM(SUBSTITUTE(INDEX([1]ТУ!$A:$G,MATCH($A43,[1]ТУ!$A:$A,0),3+K$7),"*","")) | L43: =TRIM(SUBSTITUTE(INDEX([1]ТУ!$A:$G,MATCH($A43,[1]ТУ!$A:$A,0),3+L$7),"*","")) | M43: =IF($A43<>"",IFERROR(IF(SUBSTITUTE(D43,",",".")<>SUBSTITUTE(SUBSTITUTE(I43,",","."),"∞","oo"),1,""),"!"),"") | N43: =IF($A43<>"",IFERROR(IF(SUBSTITUTE(E43,",",".")<>SUBSTITUTE(SUBSTITUTE(J43,",","."),"∞","oo"),1,""),"!"),"") | O43: =IF($A43<>"",IFERROR(IF(SUBSTITUTE(F43,",",".")<>SUBSTITUTE(SUBSTITUTE(K43,",","."),"∞","oo"),1,""),"!"),"") | P43: =IF($A43<>"",IFERROR(IF(SUBSTITUTE(G43,",",".")<>SUBSTITUTE(SUBSTITUTE(L43,",","."),"∞","oo"),1,""),"!"),"")
A44: 0214 | B44: Номин Частота | C44: 50 Гц_x000D_ 60 Гц | D44: 50 Гц | H44: Номинальная частота | I44: =TRIM(SUBSTITUTE(INDEX([1]ТУ!$A:$G,MATCH($A44,[1]ТУ!$A:$A,0),3+I$7),"*","")) -> 50 Гц | J44: =TRIM(SUBSTITUTE(INDEX([1]ТУ!$A:$G,MATCH($A44,[1]ТУ!$A:$A,0),3+J$7),"*","")) | K44: =TRIM(SUBSTITUTE(INDEX([1]ТУ!$A:$G,MATCH($A44,[1]ТУ!$A:$A,0),3+K$7),"*","")) | L44: =TRIM(SUBSTITUTE(INDEX([1]ТУ!$A:$G,MATCH($A44,[1]ТУ!$A:$A,0),3+L$7),"*","")) | M44: =IF($A44<>"",IFERROR(IF(SUBSTITUTE(D44,",",".")<>SUBSTITUTE(SUBSTITUTE(I44,",","."),"∞","oo"),1,""),"!"),"") | N44: =IF($A44<>"",IFERROR(IF(SUBSTITUTE(E44,",",".")<>SUBSTITUTE(SUBSTITUTE(J44,",","."),"∞","oo"),1,""),"!"),"") | O44: =IF($A44<>"",IFERROR(IF(SUBSTITUTE(F44,",",".")<>SUBSTITUTE(SUBSTITUTE(K44,",","."),"∞","oo"),1,""),"!"),"") | P44: =IF($A44<>"",IFERROR(IF(SUBSTITUTE(G44,",",".")<>SUBSTITUTE(SUBSTITUTE(L44,",","."),"∞","oo"),1,""),"!"),"")
A45: Выключатель | I45: =TRIM(SUBSTITUTE(INDEX([1]ТУ!$A:$G,MATCH($A45,[1]ТУ!$A:$A,0),3+I$7),"*","")) | J45: =TRIM(SUBSTITUTE(INDEX([1]ТУ!$A:$G,MATCH($A45,[1]ТУ!$A:$A,0),3+J$7),"*","")) | K45: =TRIM(SUBSTITUTE(INDEX([1]ТУ!$A:$G,MATCH($A45,[1]ТУ!$A:$A,0),3+K$7),"*","")) | L45: =TRIM(SUBSTITUTE(INDEX([1]ТУ!$A:$G,MATCH($A45,[1]ТУ!$A:$A,0),3+L$7),"*","")) | M45: =IF($A45<>"",IFERROR(IF(SUBSTITUTE(D45,",",".")<>SUBSTITUTE(SUBSTITUTE(I45,",","."),"∞","oo"),1,""),"!"),"") | N45: =IF($A45<>"",IFERROR(IF(SUBSTITUTE(E45,",",".")<>SUBSTITUTE(SUBSTITUTE(J45,",","."),"∞","oo"),1,""),"!"),"") | O45: =IF($A45<>"",IFERROR(IF(SUBSTITUTE(F45,",",".")<>SUBSTITUTE(SUBSTITUTE(K45,",","."),"∞","oo"),1,""),"!"),"") | P45: =IF($A45<>"",IFERROR(IF(SUBSTITUTE(G45,",",".")<>SUBSTITUTE(SUBSTITUTE(L45,",","."),"∞","oo"),1,""),"!"),"")
A46: Адрес | B46: Параметр | C46: Значение/диапазон/шаг | D46: Задаваемый параметр | H46: Комментарий | I46: =TRIM(SUBSTITUTE(INDEX([1]ТУ!$A:$G,MATCH($A46,[1]ТУ!$A:$A,0),3+I$7),"*","")) -> Задаваемый параметр | J46: =TRIM(SUBSTITUTE(INDEX([1]ТУ!$A:$G,MATCH($A46,[1]ТУ!$A:$A,0),3+J$7),"*","")) | K46: =TRIM(SUBSTITUTE(INDEX([1]ТУ!$A:$G,MATCH($A46,[1]ТУ!$A:$A,0),3+K$7),"*","")) | L46: =TRIM(SUBSTITUTE(INDEX([1]ТУ!$A:$G,MATCH($A46,[1]ТУ!$A:$A,0),3+L$7),"*","")) | M46: =IF($A46<>"",IFERROR(IF(SUBSTITUTE(D46,",",".")<>SUBSTITUTE(SUBSTITUTE(I46,",","."),"∞","oo"),1,""),"!"),"") | N46: =IF($A46<>"",IFERROR(IF(SUBSTITUTE(E46,",",".")<>SUBSTITUTE(SUBSTITUTE(J46,",","."),"∞","oo"),1,""),"!"),"") | O46: =IF($A46<>"",IFERROR(IF(SUBSTITUTE(F46,",",".")<>SUBSTITUTE(SUBSTITUTE(K46,",","."),"∞","oo"),1,""),"!"),"") | P46: =IF($A46<>"",IFERROR(IF(SUBSTITUTE(G46,",",".")<>SUBSTITUTE(SUBSTITUTE(L46,",","."),"∞","oo"),1,""),"!"),"")
I47: =TRIM(SUBSTITUTE(INDEX([1]ТУ!$A:$G,MATCH($A47,[1]ТУ!$A:$A,0),3+I$7),"*","")) -> #N/A | J47: =TRIM(SUBSTITUTE(INDEX([1]ТУ!$A:$G,MATCH($A47,[1]ТУ!$A:$A,0),3+J$7),"*","")) -> #N/A | K47: =TRIM(SUBSTITUTE(INDEX([1]ТУ!$A:$G,MATCH($A47,[1]ТУ!$A:$A,0),3+K$7),"*","")) -> #N/A | L47: =TRIM(SUBSTITUTE(INDEX([1]ТУ!$A:$G,MATCH($A47,[1]ТУ!$A:$A,0),3+L$7),"*","")) -> #N/A | M47: =IF($A47<>"",IFERROR(IF(SUBSTITUTE(D47,",",".")<>SUBSTITUTE(SUBSTITUTE(I47,",","."),"∞","oo"),1,""),"!"),"") | N47: =IF($A47<>"",IFERROR(IF(SUBSTITUTE(E47,",",".")<>SUBSTITUTE(SUBSTITUTE(J47,",","."),"∞","oo"),1,""),"!"),"") | O47: =IF($A47<>"",IFERROR(IF(SUBSTITUTE(F47,",",".")<>SUBSTITUTE(SUBSTITUTE(K47,",","."),"∞","oo"),1,""),"!"),"") | P47: =IF($A47<>"",IFERROR(IF(SUBSTITUTE(G47,",",".")<>SUBSTITUTE(SUBSTITUTE(L47,",","."),"∞","oo"),1,""),"!"),"")
A48: 0240 | B48: Тмин Ком Откл | C48: 0.02 … 30.00 сек | D48: 0.10 сек | H48: Мин. длительность команды отключения | I48: =TRIM(SUBSTITUTE(INDEX([1]ТУ!$A:$G,MATCH($A48,[1]ТУ!$A:$A,0),3+I$7),"*","")) -> 0.1 сек | J48: =TRIM(SUBSTITUTE(INDEX([1]ТУ!$A:$G,MATCH($A48,[1]ТУ!$A:$A,0),3+J$7),"*","")) | K48: =TRIM(SUBSTITUTE(INDEX([1]ТУ!$A:$G,MATCH($A48,[1]ТУ!$A:$A,0),3+K$7),"*","")) | L48: =TRIM(SUBSTITUTE(INDEX([1]ТУ!$A:$G,MATCH($A48,[1]ТУ!$A:$A,0),3+L$7),"*","")) | M48: =IF($A48<>"",IFERROR(IF(SUBSTITUTE(D48,",",".")<>SUBSTITUTE(SUBSTITUTE(I48,",","."),"∞","oo"),1,""),"!"),"") -> 1 | N48: =IF($A48<>"",IFERROR(IF(SUBSTITUTE(E48,",",".")<>SUBSTITUTE(SUBSTITUTE(J48,",","."),"∞","oo"),1,""),"!"),"") | O48: =IF($A48<>"",IFERROR(IF(SUBSTITUTE(F48,",",".")<>SUBSTITUTE(SUBSTITUTE(K48,",","."),"∞","oo"),1,""),"!"),"") | P48: =IF($A48<>"",IFERROR(IF(SUBSTITUTE(G48,",",".")<>SUBSTITUTE(SUBSTITUTE(L48,",","."),"∞","oo"),1,""),"!"),"")
A49: 0241 | B49: Тмакс Ком Вкл | C49: 0.01 … 30.00 сек | D49: 0.15 сек | H49: Макс. длительность команды включения | I49: =TRIM(SUBSTITUTE(INDEX([1]ТУ!$A:$G,MATCH($A49,[1]ТУ!$A:$A,0),3+I$7),"*","")) -> 0.15 сек | J49: =TRIM(SUBSTITUTE(INDEX([1]ТУ!$A:$G,MATCH($A49,[1]ТУ!$A:$A,0),3+J$7),"*","")) | K49: =TRIM(SUBSTITUTE(INDEX([1]ТУ!$A:$G,MATCH($A49,[1]ТУ!$A:$A,0),3+K$7),"*","")) | L49: =TRIM(SUBSTITUTE(INDEX([1]ТУ!$A:$G,MATCH($A49,[1]ТУ!$A:$A,0),3+L$7),"*","")) | M49: =IF($A49<>"",IFERROR(IF(SUBSTITUTE(D49,",",".")<>SUBSTITUTE(SUBSTITUTE(I49,",","."),"∞","oo"),1,""),"!"),"") | N49: =IF($A49<>"",IFERROR(IF(SUBSTITUTE(E49,",",".")<>SUBSTITUTE(SUBSTITUTE(J49,",","."),"∞","oo"),1,""),"!"),"") | O49: =IF($A49<>"",IFERROR(IF(SUBSTITUTE(F49,",",".")<>SUBSTITUTE(SUBSTITUTE(K49,",","."),"∞","oo"),1,""),"!"),"") | P49: =IF($A49<>"",IFERROR(IF(SUBSTITUTE(G49,",",".")<>SUBSTITUTE(SUBSTITUTE(L49,",","."),"∞","oo"),1,""),"!"),"")
A50: Регистрация аварийных режимов | I50: =TRIM(SUBSTITUTE(INDEX([1]ТУ!$A:$G,MATCH($A50,[1]ТУ!$A:$A,0),3+I$7),"*","")) | J50: =TRIM(SUBSTITUTE(INDEX([1]ТУ!$A:$G,MATCH($A50,[1]ТУ!$A:$A,0),3+J$7),"*","")) | K50: =TRIM(SUBSTITUTE(INDEX([1]ТУ!$A:$G,MATCH($A50,[1]ТУ!$A:$A,0),3+K$7),"*","")) | L50: =TRIM(SUBSTITUTE(INDEX([1]ТУ!$A:$G,MATCH($A50,[1]ТУ!$A:$A,0),3+L$7),"*","")) | M50: =IF($A50<>"",IFERROR(IF(SUBSTITUTE(D50,",",".")<>SUBSTITUTE(SUBSTITUTE(I50,",","."),"∞","oo"),1,""),"!"),"") | N50: =IF($A50<>"",IFERROR(IF(SUBSTITUTE(E50,",",".")<>SUBSTITUTE(SUBSTITUTE(J50,",","."),"∞","oo"),1,""),"!"),"") | O50: =IF($A50<>"",IFERROR(IF(SUBSTITUTE(F50,",",".")<>SUBSTITUTE(SUBSTITUTE(K50,",","."),"∞","oo"),1,""),"!"),"") | P50: =IF($A50<>"",IFERROR(IF(SUBSTITUTE(G50,",",".")<>SUBSTITUTE(SUBSTITUTE(L50,",","."),"∞","oo"),1,""),"!"),"")
A51: Рег Авар Режим | I51: =TRIM(SUBSTITUTE(INDEX([1]ТУ!$A:$G,MATCH($A51,[1]ТУ!$A:$A,0),3+I$7),"*","")) | J51: =TRIM(SUBSTITUTE(INDEX([1]ТУ!$A:$G,MATCH($A51,[1]ТУ!$A:$A,0),3+J$7),"*","")) | K51: =TRIM(SUBSTITUTE(INDEX([1]ТУ!$A:$G,MATCH($A51,[1]ТУ!$A:$A,0),3+K$7),"*","")) | L51: =TRIM(SUBSTITUTE(INDEX([1]ТУ!$A:$G,MATCH($A51,[1]ТУ!$A:$A,0),3+L$7),"*","")) | M51: =IF($A51<>"",IFERROR(IF(SUBSTITUTE(D51,",",".")<>SUBSTITUTE(SUBSTITUTE(I51,",","."),"∞","oo"),1,""),"!"),"") | N51: =IF($A51<>"",IFERROR(IF(SUBSTITUTE(E51,",",".")<>SUBSTITUTE(SUBSTITUTE(J51,",","."),"∞","oo"),1,""),"!"),"") | O51: =IF($A51<>"",IFERROR(IF(SUBSTITUTE(F51,",",".")<>SUBSTITUTE(SUBSTITUTE(K51,",","."),"∞","oo"),1,""),"!"),"") | P51: =IF($A51<>"",IFERROR(IF(SUBSTITUTE(G51,",",".")<>SUBSTITUTE(SUBSTITUTE(L51,",","."),"∞","oo"),1,""),"!"),"")
A52: Адрес | B52: Параметр | C52: Значение/диапазон/шаг | D52: Задаваемый параметр | H52: Комментарий | I52: =TRIM(SUBSTITUTE(INDEX([1]ТУ!$A:$G,MATCH($A52,[1]ТУ!$A:$A,0),3+I$7),"*","")) -> Задаваемый параметр | J52: =TRIM(SUBSTITUTE(INDEX([1]ТУ!$A:$G,MATCH($A52,[1]ТУ!$A:$A,0),3+J$7),"*","")) | K52: =TRIM(SUBSTITUTE(INDEX([1]ТУ!$A:$G,MATCH($A52,[1]ТУ!$A:$A,0),3+K$7),"*","")) | L52: =TRIM(SUBSTITUTE(INDEX([1]ТУ!$A:$G,MATCH($A52,[1]ТУ!$A:$A,0),3+L$7),"*","")) | M52: =IF($A52<>"",IFERROR(IF(SUBSTITUTE(D52,",",".")<>SUBSTITUTE(SUBSTITUTE(I52,",","."),"∞","oo"),1,""),"!"),"") | N52: =IF($A52<>"",IFERROR(IF(SUBSTITUTE(E52,",",".")<>SUBSTITUTE(SUBSTITUTE(J52,",","."),"∞","oo"),1,""),"!"),"") | O52: =IF($A52<>"",IFERROR(IF(SUBSTITUTE(F52,",",".")<>SUBSTITUTE(SUBSTITUTE(K52,",","."),"∞","oo"),1,""),"!"),"") | P52: =IF($A52<>"",IFERROR(IF(SUBSTITUTE(G52,",",".")<>SUBSTITUTE(SUBSTITUTE(L52,",","."),"∞","oo"),1,""),"!"),"")
I53: =TRIM(SUBSTITUTE(INDEX([1]ТУ!$A:$G,MATCH($A53,[1]ТУ!$A:$A,0),3+I$7),"*","")) -> #N/A | J53: =TRIM(SUBSTITUTE(INDEX([1]ТУ!$A:$G,MATCH($A53,[1]ТУ!$A:$A,0),3+J$7),"*","")) -> #N/A | K53: =TRIM(SUBSTITUTE(INDEX([1]ТУ!$A:$G,MATCH($A53,[1]ТУ!$A:$A,0),3+K$7),"*","")) -> #N/A | L53: =TRIM(SUBSTITUTE(INDEX([1]ТУ!$A:$G,MATCH($A53,[1]ТУ!$A:$A,0),3+L$7),"*","")) -> #N/A | M53: =IF($A53<>"",IFERROR(IF(SUBSTITUTE(D53,",",".")<>SUBSTITUTE(SUBSTITUTE(I53,",","."),"∞","oo"),1,""),"!"),"") | N53: =IF($A53<>"",IFERROR(IF(SUBSTITUTE(E53,",",".")<>SUBSTITUTE(SUBSTITUTE(J53,",","."),"∞","oo"),1,""),"!"),"") | O53: =IF($A53<>"",IFERROR(IF(SUBSTITUTE(F53,",",".")<>SUBSTITUTE(SUBSTITUTE(K53,",","."),"∞","oo"),1,""),"!"),"") | P53: =IF($A53<>"",IFERROR(IF(SUBSTITUTE(G53,",",".")<>SUBSTITUTE(SUBSTITUTE(L53,",","."),"∞","oo"),1,""),"!"),"")
A54: 0901 | B54: Запуск Регистр | C54: Сохранить при пуске_x000D_ Сохранить при отключении_x000D_ Пуск при отключении | D54: Сохранить при пуске | H54: Запуск регистрации повреждений | I54: =TRIM(SUBSTITUTE(INDEX([1]ТУ!$A:$G,MATCH($A54,[1]ТУ!$A:$A,0),3+I$7),"*","")) -> Сохранить при пуске | J54: =TRIM(SUBSTITUTE(INDEX([1]ТУ!$A:$G,MATCH($A54,[1]ТУ!$A:$A,0),3+J$7),"*","")) | K54: =TRIM(SUBSTITUTE(INDEX([1]ТУ!$A:$G,MATCH($A54,[1]ТУ!$A:$A,0),3+K$7),"*","")) | L54: =TRIM(SUBSTITUTE(INDEX([1]ТУ!$A:$G,MATCH($A54,[1]ТУ!$A:$A,0),3+L$7),"*","")) | M54: =IF($A54<>"",IFERROR(IF(SUBSTITUTE(D54,",",".")<>SUBSTITUTE(SUBSTITUTE(I54,",","."),"∞","oo"),1,""),"!"),"") | N54: =IF($A54<>"",IFERROR(IF(SUBSTITUTE(E54,",",".")<>SUBSTITUTE(SUBSTITUTE(J54,",","."),"∞","oo"),1,""),"!"),"") | O54: =IF($A54<>"",IFERROR(IF(SUBSTITUTE(F54,",",".")<>SUBSTITUTE(SUBSTITUTE(K54,",","."),"∞","oo"),1,""),"!"),"") | P54: =IF($A54<>"",IFERROR(IF(SUBSTITUTE(G54,",",".")<>SUBSTITUTE(SUBSTITUTE(L54,",","."),"∞","oo"),1,""),"!"),"")
A55: 0902 | B55: Объем Регистр | C55: Повреждение_x000D_ Повреждение в энергосистеме | D55: Повреждение в энергосистеме | H55: Объем записываемых данных | I55: =TRIM(SUBSTITUTE(INDEX([1]ТУ!$A:$G,MATCH($A55,[1]ТУ!$A:$A,0),3+I$7),"*","")) -> Повреждение в энергосистеме | J55: =TRIM(SUBSTITUTE(INDEX([1]ТУ!$A:$G,MATCH($A55,[1]ТУ!$A:$A,0),3+J$7),"*","")) | K55: =TRIM(SUBSTITUTE(INDEX([1]ТУ!$A:$G,MATCH($A55,[1]ТУ!$A:$A,0),3+K$7),"*","")) | L55: =TRIM(SUBSTITUTE(INDEX([1]ТУ!$A:$G,MATCH($A55,[1]ТУ!$A:$A,0),3+L$7),"*","")) | M55: =IF($A55<>"",IFERROR(IF(SUBSTITUTE(D55,",",".")<>SUBSTITUTE(SUBSTITUTE(I55,",","."),"∞","oo"),1,""),"!"),"") | N55: =IF($A55<>"",IFERROR(IF(SUBSTITUTE(E55,",",".")<>SUBSTITUTE(SUBSTITUTE(J55,",","."),"∞","oo"),1,""),"!"),"") | O55: =IF($A55<>"",IFERROR(IF(SUBSTITUTE(F55,",",".")<>SUBSTITUTE(SUBSTITUTE(K55,",","."),"∞","oo"),1,""),"!"),"") | P55: =IF($A55<>"",IFERROR(IF(SUBSTITUTE(G55,",",".")<>SUBSTITUTE(SUBSTITUTE(L55,",","."),"∞","oo"),1,""),"!"),"")
A56: 0903 | B56: Макс время Рег | C56: 0.30 … 5.00 сек | D56: 5.00 сек | H56: Максимальное время записи повреждения | I56: =TRIM(SUBSTITUTE(INDEX([1]ТУ!$A:$G,MATCH($A56,[1]ТУ!$A:$A,0),3+I$7),"*","")) -> 5.0 сек | J56: =TRIM(SUBSTITUTE(INDEX([1]ТУ!$A:$G,MATCH($A56,[1]ТУ!$A:$A,0),3+J$7),"*","")) | K56: =TRIM(SUBSTITUTE(INDEX([1]ТУ!$A:$G,MATCH($A56,[1]ТУ!$A:$A,0),3+K$7),"*","")) | L56: =TRIM(SUBSTITUTE(INDEX([1]ТУ!$A:$G,MATCH($A56,[1]ТУ!$A:$A,0),3+L$7),"*","")) | M56: =IF($A56<>"",IFERROR(IF(SUBSTITUTE(D56,",",".")<>SUBSTITUTE(SUBSTITUTE(I56,",","."),"∞","oo"),1,""),"!"),"") -> 1 | N56: =IF($A56<>"",IFERROR(IF(SUBSTITUTE(E56,",",".")<>SUBSTITUTE(SUBSTITUTE(J56,",","."),"∞","oo"),1,""),"!"),"") | O56: =IF($A56<>"",IFERROR(IF(SUBSTITUTE(F56,",",".")<>SUBSTITUTE(SUBSTITUTE(K56,",","."),"∞","oo"),1,""),"!"),"") | P56: =IF($A56<>"",IFERROR(IF(SUBSTITUTE(G56,",",".")<>SUBSTITUTE(SUBSTITUTE(L56,",","."),"∞","oo"),1,""),"!"),"")
A57: 0904 | B57: Время до Нач | C57: 0.05 … 0.50 сек | D57: 0.50 сек | H57: Время записи до начала регистрации | I57: =TRIM(SUBSTITUTE(INDEX([1]ТУ!$A:$G,MATCH($A57,[1]ТУ!$A:$A,0),3+I$7),"*","")) -> 0.5 сек | J57: =TRIM(SUBSTITUTE(INDEX([1]ТУ!$A:$G,MATCH($A57,[1]ТУ!$A:$A,0),3+J$7),"*","")) | K57: =TRIM(SUBSTITUTE(INDEX([1]ТУ!$A:$G,MATCH($A57,[1]ТУ!$A:$A,0),3+K$7),"*","")) | L57: =TRIM(SUBSTITUTE(INDEX([1]ТУ!$A:$G,MATCH($A57,[1]ТУ!$A:$A,0),3+L$7),"*","")) | M57: =IF($A57<>"",IFERROR(IF(SUBSTITUTE(D57,",",".")<>SUBSTITUTE(SUBSTITUTE(I57,",","."),"∞","oo"),1,""),"!"),"") -> 1 | N57: =IF($A57<>"",IFERROR(IF(SUBSTITUTE(E57,",",".")<>SUBSTITUTE(SUBSTITUTE(J57,",","."),"∞","oo"),1,""),"!"),"") | O57: =IF($A57<>"",IFERROR(IF(SUBSTITUTE(F57,",",".")<>SUBSTITUTE(SUBSTITUTE(K57,",","."),"∞","oo"),1,""),"!"),"") | P57: =IF($A57<>"",IFERROR(IF(SUBSTITUTE(G57,",",".")<>SUBSTITUTE(SUBSTITUTE(L57,",","."),"∞","oo"),1,""),"!"),"")
A58: 0905 | B58: Врем после Повр | C58: 0.05 … 0.50 сек | D58: 0.50 сек | H58: Время записи после повреждения | I58: =TRIM(SUBSTITUTE(INDEX([1]ТУ!$A:$G,MATCH($A58,[1]ТУ!$A:$A,0),3+I$7),"*","")) -> 0.5 сек | J58: =TRIM(SUBSTITUTE(INDEX([1]ТУ!$A:$G,MATCH($A58,[1]ТУ!$A:$A,0),3+J$7),"*","")) | K58: =TRIM(SUBSTITUTE(INDEX([1]ТУ!$A:$G,MATCH($A58,[1]ТУ!$A:$A,0),3+K$7),"*","")) | L58: =TRIM(SUBSTITUTE(INDEX([1]ТУ!$A:$G,MATCH($A58,[1]ТУ!$A:$A,0),3+L$7),"*","")) | M58: =IF($A58<>"",IFERROR(IF(SUBSTITUTE(D58,",",".")<>SUBSTITUTE(SUBSTITUTE(I58,",","."),"∞","oo"),1,""),"!"),"") -> 1 | N58: =IF($A58<>"",IFERROR(IF(SUBSTITUTE(E58,",",".")<>SUBSTITUTE(SUBSTITUTE(J58,",","."),"∞","oo"),1,""),"!"),"") | O58: =IF($A58<>"",IFERROR(IF(SUBSTITUTE(F58,",",".")<>SUBSTITUTE(SUBSTITUTE(K58,",","."),"∞","oo"),1,""),"!"),"") | P58: =IF($A58<>"",IFERROR(IF(SUBSTITUTE(G58,",",".")<>SUBSTITUTE(SUBSTITUTE(L58,",","."),"∞","oo"),1,""),"!"),"")
A59: 0906 | B59: ВремяЗаписи ДВх | C59: 0.10 … 5.00 сек; oo | D59: 5.00 сек | H59: Время записи при пуске через дискр.вход | I59: =TRIM(SUBSTITUTE(INDEX([1]ТУ!$A:$G,MATCH($A59,[1]ТУ!$A:$A,0),3+I$7),"*","")) -> 5.0 сек | J59: =TRIM(SUBSTITUTE(INDEX([1]ТУ!$A:$G,MATCH($A59,[1]ТУ!$A:$A,0),3+J$7),"*","")) | K59: =TRIM(SUBSTITUTE(INDEX([1]ТУ!$A:$G,MATCH($A59,[1]ТУ!$A:$A,0),3+K$7),"*","")) | L59: =TRIM(SUBSTITUTE(INDEX([1]ТУ!$A:$G,MATCH($A59,[1]ТУ!$A:$A,0),3+L$7),"*","")) | M59: =IF($A59<>"",IFERROR(IF(SUBSTITUTE(D59,",",".")<>SUBSTITUTE(SUBSTITUTE(I59,",","."),"∞","oo"),1,""),"!"),"") -> 1 | N59: =IF($A59<>"",IFERROR(IF(SUBSTITUTE(E59,",",".")<>SUBSTITUTE(SUBSTITUTE(J59,",","."),"∞","oo"),1,""),"!"),"") | O59: =IF($A59<>"",IFERROR(IF(SUBSTITUTE(F59,",",".")<>SUBSTITUTE(SUBSTITUTE(K59,",","."),"∞","oo"),1,""),"!"),"") | P59: =IF($A59<>"",IFERROR(IF(SUBSTITUTE(G59,",",".")<>SUBSTITUTE(SUBSTITUTE(L59,",","."),"∞","oo"),1,""),"!"),"")
A60: Параметры энергосистемы 2 | I60: =TRIM(SUBSTITUTE(INDEX([1]ТУ!$A:$G,MATCH($A60,[1]ТУ!$A:$A,0),3+I$7),"*","")) | J60: =TRIM(SUBSTITUTE(INDEX([1]ТУ!$A:$G,MATCH($A60,[1]ТУ!$A:$A,0),3+J$7),"*","")) | K60: =TRIM(SUBSTITUTE(INDEX([1]ТУ!$A:$G,MATCH($A60,[1]ТУ!$A:$A,0),3+K$7),"*","")) | L60: =TRIM(SUBSTITUTE(INDEX([1]ТУ!$A:$G,MATCH($A60,[1]ТУ!$A:$A,0),3+L$7),"*","")) | M60: =IF($A60<>"",IFERROR(IF(SUBSTITUTE(D60,",",".")<>SUBSTITUTE(SUBSTITUTE(I60,",","."),"∞","oo"),1,""),"!"),"") | N60: =IF($A60<>"",IFERROR(IF(SUBSTITUTE(E60,",",".")<>SUBSTITUTE(SUBSTITUTE(J60,",","."),"∞","oo"),1,""),"!"),"") | O60: =IF($A60<>"",IFERROR(IF(SUBSTITUTE(F60,",",".")<>SUBSTITUTE(SUBSTITUTE(K60,",","."),"∞","oo"),1,""),"!"),"") | P60: =IF($A60<>"",IFERROR(IF(SUBSTITUTE(G60,",",".")<>SUBSTITUTE(SUBSTITUTE(L60,",","."),"∞","oo"),1,""),"!"),"")
A61: Адрес | B61: Параметр | C61: Значение/диапазон/шаг | D61: Задаваемый параметр | H61: Комментарий | I61: =TRIM(SUBSTITUTE(INDEX([1]ТУ!$A:$G,MATCH($A61,[1]ТУ!$A:$A,0),3+I$7),"*","")) -> Задаваемый параметр | J61: =TRIM(SUBSTITUTE(INDEX([1]ТУ!$A:$G,MATCH($A61,[1]ТУ!$A:$A,0),3+J$7),"*","")) | K61: =TRIM(SUBSTITUTE(INDEX([1]ТУ!$A:$G,MATCH($A61,[1]ТУ!$A:$A,0),3+K$7),"*","")) | L61: =TRIM(SUBSTITUTE(INDEX([1]ТУ!$A:$G,MATCH($A61,[1]ТУ!$A:$A,0),3+L$7),"*","")) | M61: =IF($A61<>"",IFERROR(IF(SUBSTITUTE(D61,",",".")<>SUBSTITUTE(SUBSTITUTE(I61,",","."),"∞","oo"),1,""),"!"),"") | N61: =IF($A61<>"",IFERROR(IF(SUBSTITUTE(E61,",",".")<>SUBSTITUTE(SUBSTITUTE(J61,",","."),"∞","oo"),1,""),"!"),"") | O61: =IF($A61<>"",IFERROR(IF(SUBSTITUTE(F61,",",".")<>SUBSTITUTE(SUBSTITUTE(K61,",","."),"∞","oo"),1,""),"!"),"") | P61: =IF($A61<>"",IFERROR(IF(SUBSTITUTE(G61,",",".")<>SUBSTITUTE(SUBSTITUTE(L61,",","."),"∞","oo"),1,""),"!"),"")
I62: =TRIM(SUBSTITUTE(INDEX([1]ТУ!$A:$G,MATCH($A62,[1]ТУ!$A:$A,0),3+I$7),"*","")) -> #N/A | J62: =TRIM(SUBSTITUTE(INDEX([1]ТУ!$A:$G,MATCH($A62,[1]ТУ!$A:$A,0),3+J$7),"*","")) -> #N/A | K62: =TRIM(SUBSTITUTE(INDEX([1]ТУ!$A:$G,MATCH($A62,[1]ТУ!$A:$A,0),3+K$7),"*","")) -> #N/A | L62: =TRIM(SUBSTITUTE(INDEX([1]ТУ!$A:$G,MATCH($A62,[1]ТУ!$A:$A,0),3+L$7),"*","")) -> #N/A | M62: =IF($A62<>"",IFERROR(IF(SUBSTITUTE(D62,",",".")<>SUBSTITUTE(SUBSTITUTE(I62,",","."),"∞","oo"),1,""),"!"),"") | N62: =IF($A62<>"",IFERROR(IF(SUBSTITUTE(E62,",",".")<>SUBSTITUTE(SUBSTITUTE(J62,",","."),"∞","oo"),1,""),"!"),"") | O62: =IF($A62<>"",IFERROR(IF(SUBSTITUTE(F62,",",".")<>SUBSTITUTE(SUBSTITUTE(K62,",","."),"∞","oo"),1,""),"!"),"") | P62: =IF($A62<>"",IFERROR(IF(SUBSTITUTE(G62,",",".")<>SUBSTITUTE(SUBSTITUTE(L62,",","."),"∞","oo"),1,""),"!"),"")
A63: 1130A | B63: ТокРазомкФазы | C63: 0.05 … 1.00 А | D63: 0.05 А | H63: Порог Тока Разомкнутой Фазы | I63: =TRIM(SUBSTITUTE(INDEX([1]ТУ!$A:$G,MATCH($A63,[1]ТУ!$A:$A,0),3+I$7),"*","")) -> 0.05 А | J63: =TRIM(SUBSTITUTE(INDEX([1]ТУ!$A:$G,MATCH($A63,[1]ТУ!$A:$A,0),3+J$7),"*","")) | K63: =TRIM(SUBSTITUTE(INDEX([1]ТУ!$A:$G,MATCH($A63,[1]ТУ!$A:$A,0),3+K$7),"*","")) | L63: =TRIM(SUBSTITUTE(INDEX([1]ТУ!$A:$G,MATCH($A63,[1]ТУ!$A:$A,0),3+L$7),"*","")) | M63: =IF($A63<>"",IFERROR(IF(SUBSTITUTE(D63,",",".")<>SUBSTITUTE(SUBSTITUTE(I63,",","."),"∞","oo"),1,""),"!"),"") | N63: =IF($A63<>"",IFERROR(IF(SUBSTITUTE(E63,",",".")<>SUBSTITUTE(SUBSTITUTE(J63,",","."),"∞","oo"),1,""),"!"),"") | O63: =IF($A63<>"",IFERROR(IF(SUBSTITUTE(F63,",",".")<>SUBSTITUTE(SUBSTITUTE(K63,",","."),"∞","oo"),1,""),"!"),"") | P63: =IF($A63<>"",IFERROR(IF(SUBSTITUTE(G63,",",".")<>SUBSTITUTE(SUBSTITUTE(L63,",","."),"∞","oo"),1,""),"!"),"")
A64: 1135 | B64: Сброс Ком.Откл. | C64: Превыш порога I остаточного_x000D_ бл-конт ВЫКЛ и I< остаточный | D64: Превыш порога I остаточного | H64: СБРОС Команды Отключения | I64: =TRIM(SUBSTITUTE(INDEX([1]ТУ!$A:$G,MATCH($A64,[1]ТУ!$A:$A,0),3+I$7),"*","")) -> Превыш порога I остаточного | J64: =TRIM(SUBSTITUTE(INDEX([1]ТУ!$A:$G,MATCH($A64,[1]ТУ!$A:$A,0),3+J$7),"*","")) | K64: =TRIM(SUBSTITUTE(INDEX([1]ТУ!$A:$G,MATCH($A64,[1]ТУ!$A:$A,0),3+K$7),"*","")) | L64: =TRIM(SUBSTITUTE(INDEX([1]ТУ!$A:$G,MATCH($A64,[1]ТУ!$A:$A,0),3+L$7),"*","")) | M64: =IF($A64<>"",IFERROR(IF(SUBSTITUTE(D64,",",".")<>SUBSTITUTE(SUBSTITUTE(I64,",","."),"∞","oo"),1,""),"!"),"") | N64: =IF($A64<>"",IFERROR(IF(SUBSTITUTE(E64,",",".")<>SUBSTITUTE(SUBSTITUTE(J64,",","."),"∞","oo"),1,""),"!"),"") | O64: =IF($A64<>"",IFERROR(IF(SUBSTITUTE(F64,",",".")<>SUBSTITUTE(SUBSTITUTE(K64,",","."),"∞","oo"),1,""),"!"),"") | P64: =IF($A64<>"",IFERROR(IF(SUBSTITUTE(G64,",",".")<>SUBSTITUTE(SUBSTITUTE(L64,",","."),"∞","oo"),1,""),"!"),"")
A65: 1150A | B65: ДейсПослРучВкл | C65: 0.01 … 30.00 сек | D65: 0.60 сек | H65: Продолжит.действия после РУЧН.включения | I65: =TRIM(SUBSTITUTE(INDEX([1]ТУ!$A:$G,MATCH($A65,[1]ТУ!$A:$A,0),3+I$7),"*","")) -> 0.6 сек | J65: =TRIM(SUBSTITUTE(INDEX([1]ТУ!$A:$G,MATCH($A65,[1]ТУ!$A:$A,0),3+J$7),"*","")) | K65: =TRIM(SUBSTITUTE(INDEX([1]ТУ!$A:$G,MATCH($A65,[1]ТУ!$A:$A,0),3+K$7),"*","")) | L65: =TRIM(SUBSTITUTE(INDEX([1]ТУ!$A:$G,MATCH($A65,[1]ТУ!$A:$A,0),3+L$7),"*","")) | M65: =IF($A65<>"",IFERROR(IF(SUBSTITUTE(D65,",",".")<>SUBSTITUTE(SUBSTITUTE(I65,",","."),"∞","oo"),1,""),"!"),"") -> 1 | N65: =IF($A65<>"",IFERROR(IF(SUBSTITUTE(E65,",",".")<>SUBSTITUTE(SUBSTITUTE(J65,",","."),"∞","oo"),1,""),"!"),"") | O65: =IF($A65<>"",IFERROR(IF(SUBSTITUTE(F65,",",".")<>SUBSTITUTE(SUBSTITUTE(K65,",","."),"∞","oo"),1,""),"!"),"") | P65: =IF($A65<>"",IFERROR(IF(SUBSTITUTE(G65,",",".")<>SUBSTITUTE(SUBSTITUTE(L65,",","."),"∞","oo"),1,""),"!"),"")
A66: Измерение U | I66: =TRIM(SUBSTITUTE(INDEX([1]ТУ!$A:$G,MATCH($A66,[1]ТУ!$A:$A,0),3+I$7),"*","")) | J66: =TRIM(SUBSTITUTE(INDEX([1]ТУ!$A:$G,MATCH($A66,[1]ТУ!$A:$A,0),3+J$7),"*","")) | K66: =TRIM(SUBSTITUTE(INDEX([1]ТУ!$A:$G,MATCH($A66,[1]ТУ!$A:$A,0),3+K$7),"*","")) | L66: =TRIM(SUBSTITUTE(INDEX([1]ТУ!$A:$G,MATCH($A66,[1]ТУ!$A:$A,0),3+L$7),"*","")) | M66: =IF($A66<>"",IFERROR(IF(SUBSTITUTE(D66,",",".")<>SUBSTITUTE(SUBSTITUTE(I66,",","."),"∞","oo"),1,""),"!"),"") | N66: =IF($A66<>"",IFERROR(IF(SUBSTITUTE(E66,",",".")<>SUBSTITUTE(SUBSTITUTE(J66,",","."),"∞","oo"),1,""),"!"),"") | O66: =IF($A66<>"",IFERROR(IF(SUBSTITUTE(F66,",",".")<>SUBSTITUTE(SUBSTITUTE(K66,",","."),"∞","oo"),1,""),"!"),"") | P66: =IF($A66<>"",IFERROR(IF(SUBSTITUTE(G66,",",".")<>SUBSTITUTE(SUBSTITUTE(L66,",","."),"∞","oo"),1,""),"!"),"")
A67: Общее | I67: =TRIM(SUBSTITUTE(INDEX([1]ТУ!$A:$G,MATCH($A67,[1]ТУ!$A:$A,0),3+I$7),"*","")) | J67: =TRIM(SUBSTITUTE(INDEX([1]ТУ!$A:$G,MATCH($A67,[1]ТУ!$A:$A,0),3+J$7),"*","")) | K67: =TRIM(SUBSTITUTE(INDEX([1]ТУ!$A:$G,MATCH($A67,[1]ТУ!$A:$A,0),3+K$7),"*","")) | L67: =TRIM(SUBSTITUTE(INDEX([1]ТУ!$A:$G,MATCH($A67,[1]ТУ!$A:$A,0),3+L$7),"*","")) | M67: =IF($A67<>"",IFERROR(IF(SUBSTITUTE(D67,",",".")<>SUBSTITUTE(SUBSTITUTE(I67,",","."),"∞","oo"),1,""),"!"),"") | N67: =IF($A67<>"",IFERROR(IF(SUBSTITUTE(E67,",",".")<>SUBSTITUTE(SUBSTITUTE(J67,",","."),"∞","oo"),1,""),"!"),"") | O67: =IF($A67<>"",IFERROR(IF(SUBSTITUTE(F67,",",".")<>SUBSTITUTE(SUBSTITUTE(K67,",","."),"∞","oo"),1,""),"!"),"") | P67: =IF($A67<>"",IFERROR(IF(SUBSTITUTE(G67,",",".")<>SUBSTITUTE(SUBSTITUTE(L67,",","."),"∞","oo"),1,""),"!"),"")
A68: Адрес | B68: Параметр | C68: Значение/диапазон/шаг | D68: Задаваемый параметр | H68: Комментарий | I68: =TRIM(SUBSTITUTE(INDEX([1]ТУ!$A:$G,MATCH($A68,[1]ТУ!$A:$A,0),3+I$7),"*","")) -> Задаваемый параметр | J68: =TRIM(SUBSTITUTE(INDEX([1]ТУ!$A:$G,MATCH($A68,[1]ТУ!$A:$A,0),3+J$7),"*","")) | K68: =TRIM(SUBSTITUTE(INDEX([1]ТУ!$A:$G,MATCH($A68,[1]ТУ!$A:$A,0),3+K$7),"*","")) | L68: =TRIM(SUBSTITUTE(INDEX([1]ТУ!$A:$G,MATCH($A68,[1]ТУ!$A:$A,0),3+L$7),"*","")) | M68: =IF($A68<>"",IFERROR(IF(SUBSTITUTE(D68,",",".")<>SUBSTITUTE(SUBSTITUTE(I68,",","."),"∞","oo"),1,""),"!"),"") | N68: =IF($A68<>"",IFERROR(IF(SUBSTITUTE(E68,",",".")<>SUBSTITUTE(SUBSTITUTE(J68,",","."),"∞","oo"),1,""),"!"),"") | O68: =IF($A68<>"",IFERROR(IF(SUBSTITUTE(F68,",",".")<>SUBSTITUTE(SUBSTITUTE(K68,",","."),"∞","oo"),1,""),"!"),"") | P68: =IF($A68<>"",IFERROR(IF(SUBSTITUTE(G68,",",".")<>SUBSTITUTE(SUBSTITUTE(L68,",","."),"∞","oo"),1,""),"!"),"")
I69: =TRIM(SUBSTITUTE(INDEX([1]ТУ!$A:$G,MATCH($A69,[1]ТУ!$A:$A,0),3+I$7),"*","")) -> #N/A | J69: =TRIM(SUBSTITUTE(INDEX([1]ТУ!$A:$G,MATCH($A69,[1]ТУ!$A:$A,0),3+J$7),"*","")) -> #N/A | K69: =TRIM(SUBSTITUTE(INDEX([1]ТУ!$A:$G,MATCH($A69,[1]ТУ!$A:$A,0),3+K$7),"*","")) -> #N/A | L69: =TRIM(SUBSTITUTE(INDEX([1]ТУ!$A:$G,MATCH($A69,[1]ТУ!$A:$A,0),3+L$7),"*","")) -> #N/A | M69: =IF($A69<>"",IFERROR(IF(SUBSTITUTE(D69,",",".")<>SUBSTITUTE(SUBSTITUTE(I69,",","."),"∞","oo"),1,""),"!"),"") | N69: =IF($A69<>"",IFERROR(IF(SUBSTITUTE(E69,",",".")<>SUBSTITUTE(SUBSTITUTE(J69,",","."),"∞","oo"),1,""),"!"),"") | O69: =IF($A69<>"",IFERROR(IF(SUBSTITUTE(F69,",",".")<>SUBSTITUTE(SUBSTITUTE(K69,",","."),"∞","oo"),1,""),"!"),"") | P69: =IF($A69<>"",IFERROR(IF(SUBSTITUTE(G69,",",".")<>SUBSTITUTE(SUBSTITUTE(L69,",","."),"∞","oo"),1,""),"!"),"")
A70: 0x2000029E6978 | B70: ТН ВторНапр | C70: 0.00 … 200.00 В | D70: 100.00 В | H70: Номинальное значение вторичного напряж. | I70: =TRIM(SUBSTITUTE(INDEX([1]ТУ!$A:$G,MATCH($A70,[1]ТУ!$A:$A,0),3+I$7),"*","")) -> 100 В | J70: =TRIM(SUBSTITUTE(INDEX([1]ТУ!$A:$G,MATCH($A70,[1]ТУ!$A:$A,0),3+J$7),"*","")) | K70: =TRIM(SUBSTITUTE(INDEX([1]ТУ!$A:$G,MATCH($A70,[1]ТУ!$A:$A,0),3+K$7),"*","")) | L70: =TRIM(SUBSTITUTE(INDEX([1]ТУ!$A:$G,MATCH($A70,[1]ТУ!$A:$A,0),3+L$7),"*","")) | M70: =IF($A70<>"",IFERROR(IF(SUBSTITUTE(D70,",",".")<>SUBSTITUTE(SUBSTITUTE(I70,",","."),"∞","oo"),1,""),"!"),"") -> 1 | N70: =IF($A70<>"",IFERROR(IF(SUBSTITUTE(E70,",",".")<>SUBSTITUTE(SUBSTITUTE(J70,",","."),"∞","oo"),1,""),"!"),"") | O70: =IF($A70<>"",IFERROR(IF(SUBSTITUTE(F70,",",".")<>SUBSTITUTE(SUBSTITUTE(K70,",","."),"∞","oo"),1,""),"!"),"") | P70: =IF($A70<>"",IFERROR(IF(SUBSTITUTE(G70,",",".")<>SUBSTITUTE(SUBSTITUTE(L70,",","."),"∞","oo"),1,""),"!"),"")
A71: Однофазное измерение, группа измерений 1 | I71: =TRIM(SUBSTITUTE(INDEX([1]ТУ!$A:$G,MATCH($A71,[1]ТУ!$A:$A,0),3+I$7),"*","")) | J71: =TRIM(SUBSTITUTE(INDEX([1]ТУ!$A:$G,MATCH($A71,[1]ТУ!$A:$A,0),3+J$7),"*","")) | K71: =TRIM(SUBSTITUTE(INDEX([1]ТУ!$A:$G,MATCH($A71,[1]ТУ!$A:$A,0),3+K$7),"*","")) | L71: =TRIM(SUBSTITUTE(INDEX([1]ТУ!$A:$G,MATCH($A71,[1]ТУ!$A:$A,0),3+L$7),"*","")) | M71: =IF($A71<>"",IFERROR(IF(SUBSTITUTE(D71,",",".")<>SUBSTITUTE(SUBSTITUTE(I71,",","."),"∞","oo"),1,""),"!"),"") | N71: =IF($A71<>"",IFERROR(IF(SUBSTITUTE(E71,",",".")<>SUBSTITUTE(SUBSTITUTE(J71,",","."),"∞","oo"),1,""),"!"),"") | O71: =IF($A71<>"",IFERROR(IF(SUBSTITUTE(F71,",",".")<>SUBSTITUTE(SUBSTITUTE(K71,",","."),"∞","oo"),1,""),"!"),"") | P71: =IF($A71<>"",IFERROR(IF(SUBSTITUTE(G71,",",".")<>SUBSTITUTE(SUBSTITUTE(L71,",","."),"∞","oo"),1,""),"!"),"")
A72: Общее | I72: =TRIM(SUBSTITUTE(INDEX([1]ТУ!$A:$G,MATCH($A72,[1]ТУ!$A:$A,0),3+I$7),"*","")) | J72: =TRIM(SUBSTITUTE(INDEX([1]ТУ!$A:$G,MATCH($A72,[1]ТУ!$A:$A,0),3+J$7),"*","")) | K72: =TRIM(SUBSTITUTE(INDEX([1]ТУ!$A:$G,MATCH($A72,[1]ТУ!$A:$A,0),3+K$7),"*","")) | L72: =TRIM(SUBSTITUTE(INDEX([1]ТУ!$A:$G,MATCH($A72,[1]ТУ!$A:$A,0),3+L$7),"*","")) | M72: =IF($A72<>"",IFERROR(IF(SUBSTITUTE(D72,",",".")<>SUBSTITUTE(SUBSTITUTE(I72,",","."),"∞","oo"),1,""),"!"),"") | N72: =IF($A72<>"",IFERROR(IF(SUBSTITUTE(E72,",",".")<>SUBSTITUTE(SUBSTITUTE(J72,",","."),"∞","oo"),1,""),"!"),"") | O72: =IF($A72<>"",IFERROR(IF(SUBSTITUTE(F72,",",".")<>SUBSTITUTE(SUBSTITUTE(K72,",","."),"∞","oo"),1,""),"!"),"") | P72: =IF($A72<>"",IFERROR(IF(SUBSTITUTE(G72,",",".")<>SUBSTITUTE(SUBSTITUTE(L72,",","."),"∞","oo"),1,""),"!"),"")
A73: Адрес | B73: Параметр | C73: Значение/диапазон/шаг | D73: Задаваемый параметр | H73: Комментарий | I73: =TRIM(SUBSTITUTE(INDEX([1]ТУ!$A:$G,MATCH($A73,[1]ТУ!$A:$A,0),3+I$7),"*","")) -> Задаваемый параметр | J73: =TRIM(SUBSTITUTE(INDEX([1]ТУ!$A:$G,MATCH($A73,[1]ТУ!$A:$A,0),3+J$7),"*","")) | K73: =TRIM(SUBSTITUTE(INDEX([1]ТУ!$A:$G,MATCH($A73,[1]ТУ!$A:$A,0),3+K$7),"*","")) | L73: =TRIM(SUBSTITUTE(INDEX([1]ТУ!$A:$G,MATCH($A73,[1]ТУ!$A:$A,0),3+L$7),"*","")) | M73: =IF($A73<>"",IFERROR(IF(SUBSTITUTE(D73,",",".")<>SUBSTITUTE(SUBSTITUTE(I73,",","."),"∞","oo"),1,""),"!"),"") | N73: =IF($A73<>"",IFERROR(IF(SUBSTITUTE(E73,",",".")<>SUBSTITUTE(SUBSTITUTE(J73,",","."),"∞","oo"),1,""),"!"),"") | O73: =IF($A73<>"",IFERROR(IF(SUBSTITUTE(F73,",",".")<>SUBSTITUTE(SUBSTITUTE(K73,",","."),"∞","oo"),1,""),"!"),"") | P73: =IF($A73<>"",IFERROR(IF(SUBSTITUTE(G73,",",".")<>SUBSTITUTE(SUBSTITUTE(L73,",","."),"∞","oo"),1,""),"!"),"")
I74: =TRIM(SUBSTITUTE(INDEX([1]ТУ!$A:$G,MATCH($A74,[1]ТУ!$A:$A,0),3+I$7),"*","")) -> #N/A | J74: =TRIM(SUBSTITUTE(INDEX([1]ТУ!$A:$G,MATCH($A74,[1]ТУ!$A:$A,0),3+J$7),"*","")) -> #N/A | K74: =TRIM(SUBSTITUTE(INDEX([1]ТУ!$A:$G,MATCH($A74,[1]ТУ!$A:$A,0),3+K$7),"*","")) -> #N/A | L74: =TRIM(SUBSTITUTE(INDEX([1]ТУ!$A:$G,MATCH($A74,[1]ТУ!$A:$A,0),3+L$7),"*","")) -> #N/A | M74: =IF($A74<>"",IFERROR(IF(SUBSTITUTE(D74,",",".")<>SUBSTITUTE(SUBSTITUTE(I74,",","."),"∞","oo"),1,""),"!"),"") | N74: =IF($A74<>"",IFERROR(IF(SUBSTITUTE(E74,",",".")<>SUBSTITUTE(SUBSTITUTE(J74,",","."),"∞","oo"),1,""),"!"),"") | O74: =IF($A74<>"",IFERROR(IF(SUBSTITUTE(F74,",",".")<>SUBSTITUTE(SUBSTITUTE(K74,",","."),"∞","oo"),1,""),"!"),"") | P74: =IF($A74<>"",IFERROR(IF(SUBSTITUTE(G74,",",".")<>SUBSTITUTE(SUBSTITUTE(L74,",","."),"∞","oo"),1,""),"!"),"")
A75: 0x2000029F6978 | B75: ТН ВторНапр | C75: 0.00 … 200.00 В | D75: 100.00 В | H75: Номинальное значение вторичного напряж. | I75: =TRIM(SUBSTITUTE(INDEX([1]ТУ!$A:$G,MATCH($A75,[1]ТУ!$A:$A,0),3+I$7),"*","")) -> 100 В | J75: =TRIM(SUBSTITUTE(INDEX([1]ТУ!$A:$G,MATCH($A75,[1]ТУ!$A:$A,0),3+J$7),"*","")) | K75: =TRIM(SUBSTITUTE(INDEX([1]ТУ!$A:$G,MATCH($A75,[1]ТУ!$A:$A,0),3+K$7),"*","")) | L75: =TRIM(SUBSTITUTE(INDEX([1]ТУ!$A:$G,MATCH($A75,[1]ТУ!$A:$A,0),3+L$7),"*","")) | M75: =IF($A75<>"",IFERROR(IF(SUBSTITUTE(D75,",",".")<>SUBSTITUTE(SUBSTITUTE(I75,",","."),"∞","oo"),1,""),"!"),"") -> 1 | N75: =IF($A75<>"",IFERROR(IF(SUBSTITUTE(E75,",",".")<>SUBSTITUTE(SUBSTITUTE(J75,",","."),"∞","oo"),1,""),"!"),"") | O75: =IF($A75<>"",IFERROR(IF(SUBSTITUTE(F75,",",".")<>SUBSTITUTE(SUBSTITUTE(K75,",","."),"∞","oo"),1,""),"!"),"") | P75: =IF($A75<>"",IFERROR(IF(SUBSTITUTE(G75,",",".")<>SUBSTITUTE(SUBSTITUTE(L75,",","."),"∞","oo"),1,""),"!"),"")
A76: 0x2000029F6979 | B76: ТТ ЗначВторТока | C76: 0.00 … 5.00 А | D76: 1.00 А | H76: Номинальное значение вторичного тока | I76: =TRIM(SUBSTITUTE(INDEX([1]ТУ!$A:$G,MATCH($A76,[1]ТУ!$A:$A,0),3+I$7),"*","")) -> 1 А | J76: =TRIM(SUBSTITUTE(INDEX([1]ТУ!$A:$G,MATCH($A76,[1]ТУ!$A:$A,0),3+J$7),"*","")) | K76: =TRIM(SUBSTITUTE(INDEX([1]ТУ!$A:$G,MATCH($A76,[1]ТУ!$A:$A,0),3+K$7),"*","")) | L76: =TRIM(SUBSTITUTE(INDEX([1]ТУ!$A:$G,MATCH($A76,[1]ТУ!$A:$A,0),3+L$7),"*","")) | M76: =IF($A76<>"",IFERROR(IF(SUBSTITUTE(D76,",",".")<>SUBSTITUTE(SUBSTITUTE(I76,",","."),"∞","oo"),1,""),"!"),"") -> 1 | N76: =IF($A76<>"",IFERROR(IF(SUBSTITUTE(E76,",",".")<>SUBSTITUTE(SUBSTITUTE(J76,",","."),"∞","oo"),1,""),"!"),"") | O76: =IF($A76<>"",IFERROR(IF(SUBSTITUTE(F76,",",".")<>SUBSTITUTE(SUBSTITUTE(K76,",","."),"∞","oo"),1,""),"!"),"") | P76: =IF($A76<>"",IFERROR(IF(SUBSTITUTE(G76,",",".")<>SUBSTITUTE(SUBSTITUTE(L76,",","."),"∞","oo"),1,""),"!"),"")
A77: Трехфазное измерение, группа измерений 1 | I77: =TRIM(SUBSTITUTE(INDEX([1]ТУ!$A:$G,MATCH($A77,[1]ТУ!$A:$A,0),3+I$7),"*","")) | J77: =TRIM(SUBSTITUTE(INDEX([1]ТУ!$A:$G,MATCH($A77,[1]ТУ!$A:$A,0),3+J$7),"*","")) | K77: =TRIM(SUBSTITUTE(INDEX([1]ТУ!$A:$G,MATCH($A77,[1]ТУ!$A:$A,0),3+K$7),"*","")) | L77: =TRIM(SUBSTITUTE(INDEX([1]ТУ!$A:$G,MATCH($A77,[1]ТУ!$A:$A,0),3+L$7),"*","")) | M77: =IF($A77<>"",IFERROR(IF(SUBSTITUTE(D77,",",".")<>SUBSTITUTE(SUBSTITUTE(I77,",","."),"∞","oo"),1,""),"!"),"") | N77: =IF($A77<>"",IFERROR(IF(SUBSTITUTE(E77,",",".")<>SUBSTITUTE(SUBSTITUTE(J77,",","."),"∞","oo"),1,""),"!"),"") | O77: =IF($A77<>"",IFERROR(IF(SUBSTITUTE(F77,",",".")<>SUBSTITUTE(SUBSTITUTE(K77,",","."),"∞","oo"),1,""),"!"),"") | P77: =IF($A77<>"",IFERROR(IF(SUBSTITUTE(G77,",",".")<>SUBSTITUTE(SUBSTITUTE(L77,",","."),"∞","oo"),1,""),"!"),"")
A78: Общее | I78: =TRIM(SUBSTITUTE(INDEX([1]ТУ!$A:$G,MATCH($A78,[1]ТУ!$A:$A,0),3+I$7),"*","")) | J78: =TRIM(SUBSTITUTE(INDEX([1]ТУ!$A:$G,MATCH($A78,[1]ТУ!$A:$A,0),3+J$7),"*","")) | K78: =TRIM(SUBSTITUTE(INDEX([1]ТУ!$A:$G,MATCH($A78,[1]ТУ!$A:$A,0),3+K$7),"*","")) | L78: =TRIM(SUBSTITUTE(INDEX([1]ТУ!$A:$G,MATCH($A78,[1]ТУ!$A:$A,0),3+L$7),"*","")) | M78: =IF($A78<>"",IFERROR(IF(SUBSTITUTE(D78,",",".")<>SUBSTITUTE(SUBSTITUTE(I78,",","."),"∞","oo"),1,""),"!"),"") | N78: =IF($A78<>"",IFERROR(IF(SUBSTITUTE(E78,",",".")<>SUBSTITUTE(SUBSTITUTE(J78,",","."),"∞","oo"),1,""),"!"),"") | O78: =IF($A78<>"",IFERROR(IF(SUBSTITUTE(F78,",",".")<>SUBSTITUTE(SUBSTITUTE(K78,",","."),"∞","oo"),1,""),"!"),"") | P78: =IF($A78<>"",IFERROR(IF(SUBSTITUTE(G78,",",".")<>SUBSTITUTE(SUBSTITUTE(L78,",","."),"∞","oo"),1,""),"!"),"")
A79: Адрес | B79: Параметр | C79: Значение/диапазон/шаг | D79: Задаваемый параметр | H79: Комментарий | I79: =TRIM(SUBSTITUTE(INDEX([1]ТУ!$A:$G,MATCH($A79,[1]ТУ!$A:$A,0),3+I$7),"*","")) -> Задаваемый параметр | J79: =TRIM(SUBSTITUTE(INDEX([1]ТУ!$A:$G,MATCH($A79,[1]ТУ!$A:$A,0),3+J$7),"*","")) | K79: =TRIM(SUBSTITUTE(INDEX([1]ТУ!$A:$G,MATCH($A79,[1]ТУ!$A:$A,0),3+K$7),"*","")) | L79: =TRIM(SUBSTITUTE(INDEX([1]ТУ!$A:$G,MATCH($A79,[1]ТУ!$A:$A,0),3+L$7),"*","")) | M79: =IF($A79<>"",IFERROR(IF(SUBSTITUTE(D79,",",".")<>SUBSTITUTE(SUBSTITUTE(I79,",","."),"∞","oo"),1,""),"!"),"") | N79: =IF($A79<>"",IFERROR(IF(SUBSTITUTE(E79,",",".")<>SUBSTITUTE(SUBSTITUTE(J79,",","."),"∞","oo"),1,""),"!"),"") | O79: =IF($A79<>"",IFERROR(IF(SUBSTITUTE(F79,",",".")<>SUBSTITUTE(SUBSTITUTE(K79,",","."),"∞","oo"),1,""),"!"),"") | P79: =IF($A79<>"",IFERROR(IF(SUBSTITUTE(G79,",",".")<>SUBSTITUTE(SUBSTITUTE(L79,",","."),"∞","oo"),1,""),"!"),"")
I80: =TRIM(SUBSTITUTE(INDEX([1]ТУ!$A:$G,MATCH($A80,[1]ТУ!$A:$A,0),3+I$7),"*","")) -> #N/A | J80: =TRIM(SUBSTITUTE(INDEX([1]ТУ!$A:$G,MATCH($A80,[1]ТУ!$A:$A,0),3+J$7),"*","")) -> #N/A | K80: =TRIM(SUBSTITUTE(INDEX([1]ТУ!$A:$G,MATCH($A80,[1]ТУ!$A:$A,0),3+K$7),"*","")) -> #N/A | L80: =TRIM(SUBSTITUTE(INDEX([1]ТУ!$A:$G,MATCH($A80,[1]ТУ!$A:$A,0),3+L$7),"*","")) -> #N/A | M80: =IF($A80<>"",IFERROR(IF(SUBSTITUTE(D80,",",".")<>SUBSTITUTE(SUBSTITUTE(I80,",","."),"∞","oo"),1,""),"!"),"") | N80: =IF($A80<>"",IFERROR(IF(SUBSTITUTE(E80,",",".")<>SUBSTITUTE(SUBSTITUTE(J80,",","."),"∞","oo"),1,""),"!"),"") | O80: =IF($A80<>"",IFERROR(IF(SUBSTITUTE(F80,",",".")<>SUBSTITUTE(SUBSTITUTE(K80,",","."),"∞","oo"),1,""),"!"),"") | P80: =IF($A80<>"",IFERROR(IF(SUBSTITUTE(G80,",",".")<>SUBSTITUTE(SUBSTITUTE(L80,",","."),"∞","oo"),1,""),"!"),"")
A81: 0x200002A26978 | B81: ТН ВторНапр | C81: 0.00 … 200.00 В | D81: 100.00 В | H81: Номинальное значение вторичного напряж. | I81: =TRIM(SUBSTITUTE(INDEX([1]ТУ!$A:$G,MATCH($A81,[1]ТУ!$A:$A,0),3+I$7),"*","")) -> 100 В | J81: =TRIM(SUBSTITUTE(INDEX([1]ТУ!$A:$G,MATCH($A81,[1]ТУ!$A:$A,0),3+J$7),"*","")) | K81: =TRIM(SUBSTITUTE(INDEX([1]ТУ!$A:$G,MATCH($A81,[1]ТУ!$A:$A,0),3+K$7),"*","")) | L81: =TRIM(SUBSTITUTE(INDEX([1]ТУ!$A:$G,MATCH($A81,[1]ТУ!$A:$A,0),3+L$7),"*","")) | M81: =IF($A81<>"",IFERROR(IF(SUBSTITUTE(D81,",",".")<>SUBSTITUTE(SUBSTITUTE(I81,",","."),"∞","oo"),1,""),"!"),"") -> 1 | N81: =IF($A81<>"",IFERROR(IF(SUBSTITUTE(E81,",",".")<>SUBSTITUTE(SUBSTITUTE(J81,",","."),"∞","oo"),1,""),"!"),"") | O81: =IF($A81<>"",IFERROR(IF(SUBSTITUTE(F81,",",".")<>SUBSTITUTE(SUBSTITUTE(K81,",","."),"∞","oo"),1,""),"!"),"") | P81: =IF($A81<>"",IFERROR(IF(SUBSTITUTE(G81,",",".")<>SUBSTITUTE(SUBSTITUTE(L81,",","."),"∞","oo"),1,""),"!"),"")
A82: 0x200002A26979 | B82: ТТ ЗначВторТока | C82: 0.00 … 5.00 А | D82: 1.00 А | H82: Номинальное значение вторичного тока | I82: =TRIM(SUBSTITUTE(INDEX([1]ТУ!$A:$G,MATCH($A82,[1]ТУ!$A:$A,0),3+I$7),"*","")) -> 1 А | J82: =TRIM(SUBSTITUTE(INDEX([1]ТУ!$A:$G,MATCH($A82,[1]ТУ!$A:$A,0),3+J$7),"*","")) | K82: =TRIM(SUBSTITUTE(INDEX([1]ТУ!$A:$G,MATCH($A82,[1]ТУ!$A:$A,0),3+K$7),"*","")) | L82: =TRIM(SUBSTITUTE(INDEX([1]ТУ!$A:$G,MATCH($A82,[1]ТУ!$A:$A,0),3+L$7),"*","")) | M82: =IF($A82<>"",IFERROR(IF(SUBSTITUTE(D82,",",".")<>SUBSTITUTE(SUBSTITUTE(I82,",","."),"∞","oo"),1,""),"!"),"") -> 1 | N82: =IF($A82<>"",IFERROR(IF(SUBSTITUTE(E82,",",".")<>SUBSTITUTE(SUBSTITUTE(J82,",","."),"∞","oo"),1,""),"!"),"") | O82: =IF($A82<>"",IFERROR(IF(SUBSTITUTE(F82,",",".")<>SUBSTITUTE(SUBSTITUTE(K82,",","."),"∞","oo"),1,""),"!"),"") | P82: =IF($A82<>"",IFERROR(IF(SUBSTITUTE(G82,",",".")<>SUBSTITUTE(SUBSTITUTE(L82,",","."),"∞","oo"),1,""),"!"),"")
A83: СИНХР. Группа функций 6 | I83: =TRIM(SUBSTITUTE(INDEX([1]ТУ!$A:$G,MATCH($A83,[1]ТУ!$A:$A,0),3+I$7),"*","")) | J83: =TRIM(SUBSTITUTE(INDEX([1]ТУ!$A:$G,MATCH($A83,[1]ТУ!$A:$A,0),3+J$7),"*","")) | K83: =TRIM(SUBSTITUTE(INDEX([1]ТУ!$A:$G,MATCH($A83,[1]ТУ!$A:$A,0),3+K$7),"*","")) | L83: =TRIM(SUBSTITUTE(INDEX([1]ТУ!$A:$G,MATCH($A83,[1]ТУ!$A:$A,0),3+L$7),"*","")) | M83: =IF($A83<>"",IFERROR(IF(SUBSTITUTE(D83,",",".")<>SUBSTITUTE(SUBSTITUTE(I83,",","."),"∞","oo"),1,""),"!"),"") | N83: =IF($A83<>"",IFERROR(IF(SUBSTITUTE(E83,",",".")<>SUBSTITUTE(SUBSTITUTE(J83,",","."),"∞","oo"),1,""),"!"),"") | O83: =IF($A83<>"",IFERROR(IF(SUBSTITUTE(F83,",",".")<>SUBSTITUTE(SUBSTITUTE(K83,",","."),"∞","oo"),1,""),"!"),"") | P83: =IF($A83<>"",IFERROR(IF(SUBSTITUTE(G83,",",".")<>SUBSTITUTE(SUBSTITUTE(L83,",","."),"∞","oo"),1,""),"!"),"")
A84: Параметры ЭС | I84: =TRIM(SUBSTITUTE(INDEX([1]ТУ!$A:$G,MATCH($A84,[1]ТУ!$A:$A,0),3+I$7),"*","")) | J84: =TRIM(SUBSTITUTE(INDEX([1]ТУ!$A:$G,MATCH($A84,[1]ТУ!$A:$A,0),3+J$7),"*","")) | K84: =TRIM(SUBSTITUTE(INDEX([1]ТУ!$A:$G,MATCH($A84,[1]ТУ!$A:$A,0),3+K$7),"*","")) | L84: =TRIM(SUBSTITUTE(INDEX([1]ТУ!$A:$G,MATCH($A84,[1]ТУ!$A:$A,0),3+L$7),"*","")) | M84: =IF($A84<>"",IFERROR(IF(SUBSTITUTE(D84,",",".")<>SUBSTITUTE(SUBSTITUTE(I84,",","."),"∞","oo"),1,""),"!"),"") | N84: =IF($A84<>"",IFERROR(IF(SUBSTITUTE(E84,",",".")<>SUBSTITUTE(SUBSTITUTE(J84,",","."),"∞","oo"),1,""),"!"),"") | O84: =IF($A84<>"",IFERROR(IF(SUBSTITUTE(F84,",",".")<>SUBSTITUTE(SUBSTITUTE(K84,",","."),"∞","oo"),1,""),"!"),"") | P84: =IF($A84<>"",IFERROR(IF(SUBSTITUTE(G84,",",".")<>SUBSTITUTE(SUBSTITUTE(L84,",","."),"∞","oo"),1,""),"!"),"")
A85: Адрес | B85: Параметр | C85: Значение/диапазон/шаг | D85: Задаваемый параметр | H85: Комментарий | I85: =TRIM(SUBSTITUTE(INDEX([1]ТУ!$A:$G,MATCH($A85,[1]ТУ!$A:$A,0),3+I$7),"*","")) -> Задаваемый параметр | J85: =TRIM(SUBSTITUTE(INDEX([1]ТУ!$A:$G,MATCH($A85,[1]ТУ!$A:$A,0),3+J$7),"*","")) | K85: =TRIM(SUBSTITUTE(INDEX([1]ТУ!$A:$G,MATCH($A85,[1]ТУ!$A:$A,0),3+K$7),"*","")) | L85: =TRIM(SUBSTITUTE(INDEX([1]ТУ!$A:$G,MATCH($A85,[1]ТУ!$A:$A,0),3+L$7),"*","")) | M85: =IF($A85<>"",IFERROR(IF(SUBSTITUTE(D85,",",".")<>SUBSTITUTE(SUBSTITUTE(I85,",","."),"∞","oo"),1,""),"!"),"") | N85: =IF($A85<>"",IFERROR(IF(SUBSTITUTE(E85,",",".")<>SUBSTITUTE(SUBSTITUTE(J85,",","."),"∞","oo"),1,""),"!"),"") | O85: =IF($A85<>"",IFERROR(IF(SUBSTITUTE(F85,",",".")<>SUBSTITUTE(SUBSTITUTE(K85,",","."),"∞","oo"),1,""),"!"),"") | P85: =IF($A85<>"",IFERROR(IF(SUBSTITUTE(G85,",",".")<>SUBSTITUTE(SUBSTITUTE(L85,",","."),"∞","oo"),1,""),"!"),"")
I86: =TRIM(SUBSTITUTE(INDEX([1]ТУ!$A:$G,MATCH($A86,[1]ТУ!$A:$A,0),3+I$7),"*","")) -> #N/A | J86: =TRIM(SUBSTITUTE(INDEX([1]ТУ!$A:$G,MATCH($A86,[1]ТУ!$A:$A,0),3+J$7),"*","")) -> #N/A | K86: =TRIM(SUBSTITUTE(INDEX([1]ТУ!$A:$G,MATCH($A86,[1]ТУ!$A:$A,0),3+K$7),"*","")) -> #N/A | L86: =TRIM(SUBSTITUTE(INDEX([1]ТУ!$A:$G,MATCH($A86,[1]ТУ!$A:$A,0),3+L$7),"*","")) -> #N/A | M86: =IF($A86<>"",IFERROR(IF(SUBSTITUTE(D86,",",".")<>SUBSTITUTE(SUBSTITUTE(I86,",","."),"∞","oo"),1,""),"!"),"") | N86: =IF($A86<>"",IFERROR(IF(SUBSTITUTE(E86,",",".")<>SUBSTITUTE(SUBSTITUTE(J86,",","."),"∞","oo"),1,""),"!"),"") | O86: =IF($A86<>"",IFERROR(IF(SUBSTITUTE(F86,",",".")<>SUBSTITUTE(SUBSTITUTE(K86,",","."),"∞","oo"),1,""),"!"),"") | P86: =IF($A86<>"",IFERROR(IF(SUBSTITUTE(G86,",",".")<>SUBSTITUTE(SUBSTITUTE(L86,",","."),"∞","oo"),1,""),"!"),"")
A87: 0x2000041064A3 | B87: ВЫКЛ Собст Врем | C87: 0.01 … 0.60 сек | D87: 0.06 сек | H87: Собственное время включения ВЫКЛ | I87: =TRIM(SUBSTITUTE(INDEX([1]ТУ!$A:$G,MATCH($A87,[1]ТУ!$A:$A,0),3+I$7),"*","")) -> 0.06 сек | J87: =TRIM(SUBSTITUTE(INDEX([1]ТУ!$A:$G,MATCH($A87,[1]ТУ!$A:$A,0),3+J$7),"*","")) | K87: =TRIM(SUBSTITUTE(INDEX([1]ТУ!$A:$G,MATCH($A87,[1]ТУ!$A:$A,0),3+K$7),"*","")) | L87: =TRIM(SUBSTITUTE(INDEX([1]ТУ!$A:$G,MATCH($A87,[1]ТУ!$A:$A,0),3+L$7),"*","")) | M87: =IF($A87<>"",IFERROR(IF(SUBSTITUTE(D87,",",".")<>SUBSTITUTE(SUBSTITUTE(I87,",","."),"∞","oo"),1,""),"!"),"") | N87: =IF($A87<>"",IFERROR(IF(SUBSTITUTE(E87,",",".")<>SUBSTITUTE(SUBSTITUTE(J87,",","."),"∞","oo"),1,""),"!"),"") | O87: =IF($A87<>"",IFERROR(IF(SUBSTITUTE(F87,",",".")<>SUBSTITUTE(SUBSTITUTE(K87,",","."),"∞","oo"),1,""),"!"),"") | P87: =IF($A87<>"",IFERROR(IF(SUBSTITUTE(G87,",",".")<>SUBSTITUTE(SUBSTITUTE(L87,",","."),"∞","oo"),1,""),"!"),"")
A88: 0x200004106982 | B88: КоэффБал U1/U2 | C88: 0.80 … 1.20 | D88: 1.00 | H88: Коэффициент баланса U1/U2 | I88: =TRIM(SUBSTITUTE(INDEX([1]ТУ!$A:$G,MATCH($A88,[1]ТУ!$A:$A,0),3+I$7),"*","")) -> 1 | J88: =TRIM(SUBSTITUTE(INDEX([1]ТУ!$A:$G,MATCH($A88,[1]ТУ!$A:$A,0),3+J$7),"*","")) | K88: =TRIM(SUBSTITUTE(INDEX([1]ТУ!$A:$G,MATCH($A88,[1]ТУ!$A:$A,0),3+K$7),"*","")) | L88: =TRIM(SUBSTITUTE(INDEX([1]ТУ!$A:$G,MATCH($A88,[1]ТУ!$A:$A,0),3+L$7),"*","")) | M88: =IF($A88<>"",IFERROR(IF(SUBSTITUTE(D88,",",".")<>SUBSTITUTE(SUBSTITUTE(I88,",","."),"∞","oo"),1,""),"!"),"") -> 1 | N88: =IF($A88<>"",IFERROR(IF(SUBSTITUTE(E88,",",".")<>SUBSTITUTE(SUBSTITUTE(J88,",","."),"∞","oo"),1,""),"!"),"") | O88: =IF($A88<>"",IFERROR(IF(SUBSTITUTE(F88,",",".")<>SUBSTITUTE(SUBSTITUTE(K88,",","."),"∞","oo"),1,""),"!"),"") | P88: =IF($A88<>"",IFERROR(IF(SUBSTITUTE(G88,",",".")<>SUBSTITUTE(SUBSTITUTE(L88,",","."),"∞","oo"),1,""),"!"),"")
A89: 0x200004106983 | B89: Угол U1-U2 | C89: 0 … 360 ° | D89: 330 ° | H89: Задание угла U1-U2 | I89: =TRIM(SUBSTITUTE(INDEX([1]ТУ!$A:$G,MATCH($A89,[1]ТУ!$A:$A,0),3+I$7),"*","")) -> 330 ° | J89: =TRIM(SUBSTITUTE(INDEX([1]ТУ!$A:$G,MATCH($A89,[1]ТУ!$A:$A,0),3+J$7),"*","")) | K89: =TRIM(SUBSTITUTE(INDEX([1]ТУ!$A:$G,MATCH($A89,[1]ТУ!$A:$A,0),3+K$7),"*","")) | L89: =TRIM(SUBSTITUTE(INDEX([1]ТУ!$A:$G,MATCH($A89,[1]ТУ!$A:$A,0),3+L$7),"*","")) | M89: =IF($A89<>"",IFERROR(IF(SUBSTITUTE(D89,",",".")<>SUBSTITUTE(SUBSTITUTE(I89,",","."),"∞","oo"),1,""),"!"),"") | N89: =IF($A89<>"",IFERROR(IF(SUBSTITUTE(E89,",",".")<>SUBSTITUTE(SUBSTITUTE(J89,",","."),"∞","oo"),1,""),"!"),"") | O89: =IF($A89<>"",IFERROR(IF(SUBSTITUTE(F89,",",".")<>SUBSTITUTE(SUBSTITUTE(K89,",","."),"∞","oo"),1,""),"!"),"") | P89: =IF($A89<>"",IFERROR(IF(SUBSTITUTE(G89,",",".")<>SUBSTITUTE(SUBSTITUTE(L89,",","."),"∞","oo"),1,""),"!"),"")
A90: 0x200004106984 | B90: ТН1 ВторНапр | C90: 0.00 … 170.00 В | D90: 100.00 В | H90: Номинальное значение вторич напряжения | I90: =TRIM(SUBSTITUTE(INDEX([1]ТУ!$A:$G,MATCH($A90,[1]ТУ!$A:$A,0),3+I$7),"*","")) -> 100 В | J90: =TRIM(SUBSTITUTE(INDEX([1]ТУ!$A:$G,MATCH($A90,[1]ТУ!$A:$A,0),3+J$7),"*","")) | K90: =TRIM(SUBSTITUTE(INDEX([1]ТУ!$A:$G,MATCH($A90,[1]ТУ!$A:$A,0),3+K$7),"*","")) | L90: =TRIM(SUBSTITUTE(INDEX([1]ТУ!$A:$G,MATCH($A90,[1]ТУ!$A:$A,0),3+L$7),"*","")) | M90: =IF($A90<>"",IFERROR(IF(SUBSTITUTE(D90,",",".")<>SUBSTITUTE(SUBSTITUTE(I90,",","."),"∞","oo"),1,""),"!"),"") -> 1 | N90: =IF($A90<>"",IFERROR(IF(SUBSTITUTE(E90,",",".")<>SUBSTITUTE(SUBSTITUTE(J90,",","."),"∞","oo"),1,""),"!"),"") | O90: =IF($A90<>"",IFERROR(IF(SUBSTITUTE(F90,",",".")<>SUBSTITUTE(SUBSTITUTE(K90,",","."),"∞","oo"),1,""),"!"),"") | P90: =IF($A90<>"",IFERROR(IF(SUBSTITUTE(G90,",",".")<>SUBSTITUTE(SUBSTITUTE(L90,",","."),"∞","oo"),1,""),"!"),"")
A91: 0x200004106985 | B91: ТН2 ВторНапр | C91: 0.00 … 170.00 В | D91: 100.00 В | H91: Номинальное значение вторич напряжения | I91: =TRIM(SUBSTITUTE(INDEX([1]ТУ!$A:$G,MATCH($A91,[1]ТУ!$A:$A,0),3+I$7),"*","")) -> 100 В | J91: =TRIM(SUBSTITUTE(INDEX([1]ТУ!$A:$G,MATCH($A91,[1]ТУ!$A:$A,0),3+J$7),"*","")) | K91: =TRIM(SUBSTITUTE(INDEX([1]ТУ!$A:$G,MATCH($A91,[1]ТУ!$A:$A,0),3+K$7),"*","")) | L91: =TRIM(SUBSTITUTE(INDEX([1]ТУ!$A:$G,MATCH($A91,[1]ТУ!$A:$A,0),3+L$7),"*","")) | M91: =IF($A91<>"",IFERROR(IF(SUBSTITUTE(D91,",",".")<>SUBSTITUTE(SUBSTITUTE(I91,",","."),"∞","oo"),1,""),"!"),"") -> 1 | N91: =IF($A91<>"",IFERROR(IF(SUBSTITUTE(E91,",",".")<>SUBSTITUTE(SUBSTITUTE(J91,",","."),"∞","oo"),1,""),"!"),"") | O91: =IF($A91<>"",IFERROR(IF(SUBSTITUTE(F91,",",".")<>SUBSTITUTE(SUBSTITUTE(K91,",","."),"∞","oo"),1,""),"!"),"") | P91: =IF($A91<>"",IFERROR(IF(SUBSTITUTE(G91,",",".")<>SUBSTITUTE(SUBSTITUTE(L91,",","."),"∞","oo"),1,""),"!"),"")
A92: Общее | I92: =TRIM(SUBSTITUTE(INDEX([1]ТУ!$A:$G,MATCH($A92,[1]ТУ!$A:$A,0),3+I$7),"*","")) | J92: =TRIM(SUBSTITUTE(INDEX([1]ТУ!$A:$G,MATCH($A92,[1]ТУ!$A:$A,0),3+J$7),"*","")) | K92: =TRIM(SUBSTITUTE(INDEX([1]ТУ!$A:$G,MATCH($A92,[1]ТУ!$A:$A,0),3+K$7),"*","")) | L92: =TRIM(SUBSTITUTE(INDEX([1]ТУ!$A:$G,MATCH($A92,[1]ТУ!$A:$A,0),3+L$7),"*","")) | M92: =IF($A92<>"",IFERROR(IF(SUBSTITUTE(D92,",",".")<>SUBSTITUTE(SUBSTITUTE(I92,",","."),"∞","oo"),1,""),"!"),"") | N92: =IF($A92<>"",IFERROR(IF(SUBSTITUTE(E92,",",".")<>SUBSTITUTE(SUBSTITUTE(J92,",","."),"∞","oo"),1,""),"!"),"") | O92: =IF($A92<>"",IFERROR(IF(SUBSTITUTE(F92,",",".")<>SUBSTITUTE(SUBSTITUTE(K92,",","."),"∞","oo"),1,""),"!"),"") | P92: =IF($A92<>"",IFERROR(IF(SUBSTITUTE(G92,",",".")<>SUBSTITUTE(SUBSTITUTE(L92,",","."),"∞","oo"),1,""),"!"),"")
A93: Адрес | B93: Параметр | C93: Значение/диапазон/шаг | D93: Задаваемый параметр | H93: Комментарий | I93: =TRIM(SUBSTITUTE(INDEX([1]ТУ!$A:$G,MATCH($A93,[1]ТУ!$A:$A,0),3+I$7),"*","")) -> Задаваемый параметр | J93: =TRIM(SUBSTITUTE(INDEX([1]ТУ!$A:$G,MATCH($A93,[1]ТУ!$A:$A,0),3+J$7),"*","")) | K93: =TRIM(SUBSTITUTE(INDEX([1]ТУ!$A:$G,MATCH($A93,[1]ТУ!$A:$A,0),3+K$7),"*","")) | L93: =TRIM(SUBSTITUTE(INDEX([1]ТУ!$A:$G,MATCH($A93,[1]ТУ!$A:$A,0),3+L$7),"*","")) | M93: =IF($A93<>"",IFERROR(IF(SUBSTITUTE(D93,",",".")<>SUBSTITUTE(SUBSTITUTE(I93,",","."),"∞","oo"),1,""),"!"),"") | N93: =IF($A93<>"",IFERROR(IF(SUBSTITUTE(E93,",",".")<>SUBSTITUTE(SUBSTITUTE(J93,",","."),"∞","oo"),1,""),"!"),"") | O93: =IF($A93<>"",IFERROR(IF(SUBSTITUTE(F93,",",".")<>SUBSTITUTE(SUBSTITUTE(K93,",","."),"∞","oo"),1,""),"!"),"") | P93: =IF($A93<>"",IFERROR(IF(SUBSTITUTE(G93,",",".")<>SUBSTITUTE(SUBSTITUTE(L93,",","."),"∞","oo"),1,""),"!"),"")
I94: =TRIM(SUBSTITUTE(INDEX([1]ТУ!$A:$G,MATCH($A94,[1]ТУ!$A:$A,0),3+I$7),"*","")) -> #N/A | J94: =TRIM(SUBSTITUTE(INDEX([1]ТУ!$A:$G,MATCH($A94,[1]ТУ!$A:$A,0),3+J$7),"*","")) -> #N/A | K94: =TRIM(SUBSTITUTE(INDEX([1]ТУ!$A:$G,MATCH($A94,[1]ТУ!$A:$A,0),3+K$7),"*","")) -> #N/A | L94: =TRIM(SUBSTITUTE(INDEX([1]ТУ!$A:$G,MATCH($A94,[1]ТУ!$A:$A,0),3+L$7),"*","")) -> #N/A | M94: =IF($A94<>"",IFERROR(IF(SUBSTITUTE(D94,",",".")<>SUBSTITUTE(SUBSTITUTE(I94,",","."),"∞","oo"),1,""),"!"),"") | N94: =IF($A94<>"",IFERROR(IF(SUBSTITUTE(E94,",",".")<>SUBSTITUTE(SUBSTITUTE(J94,",","."),"∞","oo"),1,""),"!"),"") | O94: =IF($A94<>"",IFERROR(IF(SUBSTITUTE(F94,",",".")<>SUBSTITUTE(SUBSTITUTE(K94,",","."),"∞","oo"),1,""),"!"),"") | P94: =IF($A94<>"",IFERROR(IF(SUBSTITUTE(G94,",",".")<>SUBSTITUTE(SUBSTITUTE(L94,",","."),"∞","oo"),1,""),"!"),"")
A95: 0x200004106986 | B95: Uмин | C95: 20 … 125 В | D95: 60 В | H95: Мин. напряжение для синхронизации | I95: =TRIM(SUBSTITUTE(INDEX([1]ТУ!$A:$G,MATCH($A95,[1]ТУ!$A:$A,0),3+I$7),"*","")) -> 60 В | J95: =TRIM(SUBSTITUTE(INDEX([1]ТУ!$A:$G,MATCH($A95,[1]ТУ!$A:$A,0),3+J$7),"*","")) | K95: =TRIM(SUBSTITUTE(INDEX([1]ТУ!$A:$G,MATCH($A95,[1]ТУ!$A:$A,0),3+K$7),"*","")) | L95: =TRIM(SUBSTITUTE(INDEX([1]ТУ!$A:$G,MATCH($A95,[1]ТУ!$A:$A,0),3+L$7),"*","")) | M95: =IF($A95<>"",IFERROR(IF(SUBSTITUTE(D95,",",".")<>SUBSTITUTE(SUBSTITUTE(I95,",","."),"∞","oo"),1,""),"!"),"") | N95: =IF($A95<>"",IFERROR(IF(SUBSTITUTE(E95,",",".")<>SUBSTITUTE(SUBSTITUTE(J95,",","."),"∞","oo"),1,""),"!"),"") | O95: =IF($A95<>"",IFERROR(IF(SUBSTITUTE(F95,",",".")<>SUBSTITUTE(SUBSTITUTE(K95,",","."),"∞","oo"),1,""),"!"),"") | P95: =IF($A95<>"",IFERROR(IF(SUBSTITUTE(G95,",",".")<>SUBSTITUTE(SUBSTITUTE(L95,",","."),"∞","oo"),1,""),"!"),"")
A96: 0x200004106987 | B96: Uмакс | C96: 20 … 140 В | D96: 120 В | H96: Макс. напряжение для синхронизации | I96: =TRIM(SUBSTITUTE(INDEX([1]ТУ!$A:$G,MATCH($A96,[1]ТУ!$A:$A,0),3+I$7),"*","")) -> 120 В | J96: =TRIM(SUBSTITUTE(INDEX([1]ТУ!$A:$G,MATCH($A96,[1]ТУ!$A:$A,0),3+J$7),"*","")) | K96: =TRIM(SUBSTITUTE(INDEX([1]ТУ!$A:$G,MATCH($A96,[1]ТУ!$A:$A,0),3+K$7),"*","")) | L96: =TRIM(SUBSTITUTE(INDEX([1]ТУ!$A:$G,MATCH($A96,[1]ТУ!$A:$A,0),3+L$7),"*","")) | M96: =IF($A96<>"",IFERROR(IF(SUBSTITUTE(D96,",",".")<>SUBSTITUTE(SUBSTITUTE(I96,",","."),"∞","oo"),1,""),"!"),"") | N96: =IF($A96<>"",IFERROR(IF(SUBSTITUTE(E96,",",".")<>SUBSTITUTE(SUBSTITUTE(J96,",","."),"∞","oo"),1,""),"!"),"") | O96: =IF($A96<>"",IFERROR(IF(SUBSTITUTE(F96,",",".")<>SUBSTITUTE(SUBSTITUTE(K96,",","."),"∞","oo"),1,""),"!"),"") | P96: =IF($A96<>"",IFERROR(IF(SUBSTITUTE(G96,",",".")<>SUBSTITUTE(SUBSTITUTE(L96,",","."),"∞","oo"),1,""),"!"),"")
A97: 0x200004106988 | B97: Uобест | C97: 1 … 60 В | D97: 50 В | H97: Порог напр. обесточен. линии/шин | I97: =TRIM(SUBSTITUTE(INDEX([1]ТУ!$A:$G,MATCH($A97,[1]ТУ!$A:$A,0),3+I$7),"*","")) -> 50 В | J97: =TRIM(SUBSTITUTE(INDEX([1]ТУ!$A:$G,MATCH($A97,[1]ТУ!$A:$A,0),3+J$7),"*","")) | K97: =TRIM(SUBSTITUTE(INDEX([1]ТУ!$A:$G,MATCH($A97,[1]ТУ!$A:$A,0),3+K$7),"*","")) | L97: =TRIM(SUBSTITUTE(INDEX([1]ТУ!$A:$G,MATCH($A97,[1]ТУ!$A:$A,0),3+L$7),"*","")) | M97: =IF($A97<>"",IFERROR(IF(SUBSTITUTE(D97,",",".")<>SUBSTITUTE(SUBSTITUTE(I97,",","."),"∞","oo"),1,""),"!"),"") | N97: =IF($A97<>"",IFERROR(IF(SUBSTITUTE(E97,",",".")<>SUBSTITUTE(SUBSTITUTE(J97,",","."),"∞","oo"),1,""),"!"),"") | O97: =IF($A97<>"",IFERROR(IF(SUBSTITUTE(F97,",",".")<>SUBSTITUTE(SUBSTITUTE(K97,",","."),"∞","oo"),1,""),"!"),"") | P97: =IF($A97<>"",IFERROR(IF(SUBSTITUTE(G97,",",".")<>SUBSTITUTE(SUBSTITUTE(L97,",","."),"∞","oo"),1,""),"!"),"")
A98: 0x200004106989 | B98: Синхр.U1>U2< | C98: ДА_x000D_ НЕТ | D98: НЕТ | H98: Синхронизация по условию U1> и U2< | I98: =TRIM(SUBSTITUTE(INDEX([1]ТУ!$A:$G,MATCH($A98,[1]ТУ!$A:$A,0),3+I$7),"*","")) -> НЕТ | J98: =TRIM(SUBSTITUTE(INDEX([1]ТУ!$A:$G,MATCH($A98,[1]ТУ!$A:$A,0),3+J$7),"*","")) | K98: =TRIM(SUBSTITUTE(INDEX([1]ТУ!$A:$G,MATCH($A98,[1]ТУ!$A:$A,0),3+K$7),"*","")) | L98: =TRIM(SUBSTITUTE(INDEX([1]ТУ!$A:$G,MATCH($A98,[1]ТУ!$A:$A,0),3+L$7),"*","")) | M98: =IF($A98<>"",IFERROR(IF(SUBSTITUTE(D98,",",".")<>SUBSTITUTE(SUBSTITUTE(I98,",","."),"∞","oo"),1,""),"!"),"") | N98: =IF($A98<>"",IFERROR(IF(SUBSTITUTE(E98,",",".")<>SUBSTITUTE(SUBSTITUTE(J98,",","."),"∞","oo"),1,""),"!"),"") | O98: =IF($A98<>"",IFERROR(IF(SUBSTITUTE(F98,",",".")<>SUBSTITUTE(SUBSTITUTE(K98,",","."),"∞","oo"),1,""),"!"),"") | P98: =IF($A98<>"",IFERROR(IF(SUBSTITUTE(G98,",",".")<>SUBSTITUTE(SUBSTITUTE(L98,",","."),"∞","oo"),1,""),"!"),"")
A99: 0x20000410698A | B99: Синхр.U1<U2> | C99: ДА_x000D_ НЕТ | D99: НЕТ | H99: Синхронизация по условию U1< и U2> | I99: =TRIM(SUBSTITUTE(INDEX([1]ТУ!$A:$G,MATCH($A99,[1]ТУ!$A:$A,0),3+I$7),"*","")) -> НЕТ | J99: =TRIM(SUBSTITUTE(INDEX([1]ТУ!$A:$G,MATCH($A99,[1]ТУ!$A:$A,0),3+J$7),"*","")) | K99: =TRIM(SUBSTITUTE(INDEX([1]ТУ!$A:$G,MATCH($A99,[1]ТУ!$A:$A,0),3+K$7),"*","")) | L99: =TRIM(SUBSTITUTE(INDEX([1]ТУ!$A:$G,MATCH($A99,[1]ТУ!$A:$A,0),3+L$7),"*","")) | M99: =IF($A99<>"",IFERROR(IF(SUBSTITUTE(D99,",",".")<>SUBSTITUTE(SUBSTITUTE(I99,",","."),"∞","oo"),1,""),"!"),"") | N99: =IF($A99<>"",IFERROR(IF(SUBSTITUTE(E99,",",".")<>SUBSTITUTE(SUBSTITUTE(J99,",","."),"∞","oo"),1,""),"!"),"") | O99: =IF($A99<>"",IFERROR(IF(SUBSTITUTE(F99,",",".")<>SUBSTITUTE(SUBSTITUTE(K99,",","."),"∞","oo"),1,""),"!"),"") | P99: =IF($A99<>"",IFERROR(IF(SUBSTITUTE(G99,",",".")<>SUBSTITUTE(SUBSTITUTE(L99,",","."),"∞","oo"),1,""),"!"),"")
A100: 0x20000410698B | B100: Синхр.U1<U2< | C100: ДА_x000D_ НЕТ | D100: НЕТ | H100: Синхронизация по условию U1< и U2< | I100: =TRIM(SUBSTITUTE(INDEX([1]ТУ!$A:$G,MATCH($A100,[1]ТУ!$A:$A,0),3+I$7),"*","")) -> НЕТ | J100: =TRIM(SUBSTITUTE(INDEX([1]ТУ!$A:$G,MATCH($A100,[1]ТУ!$A:$A,0),3+J$7),"*","")) | K100: =TRIM(SUBSTITUTE(INDEX([1]ТУ!$A:$G,MATCH($A100,[1]ТУ!$A:$A,0),3+K$7),"*","")) | L100: =TRIM(SUBSTITUTE(INDEX([1]ТУ!$A:$G,MATCH($A100,[1]ТУ!$A:$A,0),3+L$7),"*","")) | M100: =IF($A100<>"",IFERROR(IF(SUBSTITUTE(D100,",",".")<>SUBSTITUTE(SUBSTITUTE(I100,",","."),"∞","oo"),1,""),"!"),"") | N100: =IF($A100<>"",IFERROR(IF(SUBSTITUTE(E100,",",".")<>SUBSTITUTE(SUBSTITUTE(J100,",","."),"∞","oo"),1,""),"!"),"") | O100: =IF($A100<>"",IFERROR(IF(SUBSTITUTE(F100,",",".")<>SUBSTITUTE(SUBSTITUTE(K100,",","."),"∞","oo"),1,""),"!"),"") | P100: =IF($A100<>"",IFERROR(IF(SUBSTITUTE(G100,",",".")<>SUBSTITUTE(SUBSTITUTE(L100,",","."),"∞","oo"),1,""),"!"),"")
A101: 0x2000041064A7 | B101: Т синхр длит | C101: 1.00 … 600.00 сек | D101: 60.00 сек | H101: Макс. время процесса синхронизации | I101: =TRIM(SUBSTITUTE(INDEX([1]ТУ!$A:$G,MATCH($A101,[1]ТУ!$A:$A,0),3+I$7),"*","")) -> 60 сек | J101: =TRIM(SUBSTITUTE(INDEX([1]ТУ!$A:$G,MATCH($A101,[1]ТУ!$A:$A,0),3+J$7),"*","")) | K101: =TRIM(SUBSTITUTE(INDEX([1]ТУ!$A:$G,MATCH($A101,[1]ТУ!$A:$A,0),3+K$7),"*","")) | L101: =TRIM(SUBSTITUTE(INDEX([1]ТУ!$A:$G,MATCH($A101,[1]ТУ!$A:$A,0),3+L$7),"*","")) | M101: =IF($A101<>"",IFERROR(IF(SUBSTITUTE(D101,",",".")<>SUBSTITUTE(SUBSTITUTE(I101,",","."),"∞","oo"),1,""),"!"),"") -> 1 | N101: =IF($A101<>"",IFERROR(IF(SUBSTITUTE(E101,",",".")<>SUBSTITUTE(SUBSTITUTE(J101,",","."),"∞","oo"),1,""),"!"),"") | O101: =IF($A101<>"",IFERROR(IF(SUBSTITUTE(F101,",",".")<>SUBSTITUTE(SUBSTITUTE(K101,",","."),"∞","oo"),1,""),"!"),"") | P101: =IF($A101<>"",IFERROR(IF(SUBSTITUTE(G101,",",".")<>SUBSTITUTE(SUBSTITUTE(L101,",","."),"∞","oo"),1,""),"!"),"")
A102: 0x2000041064B1 | B102: fмин | C102: 95 … 105 % | D102: 97 % | H102: Минимальная частота | I102: =TRIM(SUBSTITUTE(INDEX([1]ТУ!$A:$G,MATCH($A102,[1]ТУ!$A:$A,0),3+I$7),"*","")) -> 97 % | J102: =TRIM(SUBSTITUTE(INDEX([1]ТУ!$A:$G,MATCH($A102,[1]ТУ!$A:$A,0),3+J$7),"*","")) | K102: =TRIM(SUBSTITUTE(INDEX([1]ТУ!$A:$G,MATCH($A102,[1]ТУ!$A:$A,0),3+K$7),"*","")) | L102: =TRIM(SUBSTITUTE(INDEX([1]ТУ!$A:$G,MATCH($A102,[1]ТУ!$A:$A,0),3+L$7),"*","")) | M102: =IF($A102<>"",IFERROR(IF(SUBSTITUTE(D102,",",".")<>SUBSTITUTE(SUBSTITUTE(I102,",","."),"∞","oo"),1,""),"!"),"") | N102: =IF($A102<>"",IFERROR(IF(SUBSTITUTE(E102,",",".")<>SUBSTITUTE(SUBSTITUTE(J102,",","."),"∞","oo"),1,""),"!"),"") | O102: =IF($A102<>"",IFERROR(IF(SUBSTITUTE(F102,",",".")<>SUBSTITUTE(SUBSTITUTE(K102,",","."),"∞","oo"),1,""),"!"),"") | P102: =IF($A102<>"",IFERROR(IF(SUBSTITUTE(G102,",",".")<>SUBSTITUTE(SUBSTITUTE(L102,",","."),"∞","oo"),1,""),"!"),"")
A103: 0x2000041064B2 | B103: fмакс | C103: 95 … 105 % | D103: 101 % | H103: Максимальная частота | I103: =TRIM(SUBSTITUTE(INDEX([1]ТУ!$A:$G,MATCH($A103,[1]ТУ!$A:$A,0),3+I$7),"*","")) -> 101 % | J103: =TRIM(SUBSTITUTE(INDEX([1]ТУ!$A:$G,MATCH($A103,[1]ТУ!$A:$A,0),3+J$7),"*","")) | K103: =TRIM(SUBSTITUTE(INDEX([1]ТУ!$A:$G,MATCH($A103,[1]ТУ!$A:$A,0),3+K$7),"*","")) | L103: =TRIM(SUBSTITUTE(INDEX([1]ТУ!$A:$G,MATCH($A103,[1]ТУ!$A:$A,0),3+L$7),"*","")) | M103: =IF($A103<>"",IFERROR(IF(SUBSTITUTE(D103,",",".")<>SUBSTITUTE(SUBSTITUTE(I103,",","."),"∞","oo"),1,""),"!"),"") | N103: =IF($A103<>"",IFERROR(IF(SUBSTITUTE(E103,",",".")<>SUBSTITUTE(SUBSTITUTE(J103,",","."),"∞","oo"),1,""),"!"),"") | O103: =IF($A103<>"",IFERROR(IF(SUBSTITUTE(F103,",",".")<>SUBSTITUTE(SUBSTITUTE(K103,",","."),"∞","oo"),1,""),"!"),"") | P103: =IF($A103<>"",IFERROR(IF(SUBSTITUTE(G103,",",".")<>SUBSTITUTE(SUBSTITUTE(L103,",","."),"∞","oo"),1,""),"!"),"")
A104: АсинхрУсловия | I104: =TRIM(SUBSTITUTE(INDEX([1]ТУ!$A:$G,MATCH($A104,[1]ТУ!$A:$A,0),3+I$7),"*","")) | J104: =TRIM(SUBSTITUTE(INDEX([1]ТУ!$A:$G,MATCH($A104,[1]ТУ!$A:$A,0),3+J$7),"*","")) | K104: =TRIM(SUBSTITUTE(INDEX([1]ТУ!$A:$G,MATCH($A104,[1]ТУ!$A:$A,0),3+K$7),"*","")) | L104: =TRIM(SUBSTITUTE(INDEX([1]ТУ!$A:$G,MATCH($A104,[1]ТУ!$A:$A,0),3+L$7),"*","")) | M104: =IF($A104<>"",IFERROR(IF(SUBSTITUTE(D104,",",".")<>SUBSTITUTE(SUBSTITUTE(I104,",","."),"∞","oo"),1,""),"!"),"") | N104: =IF($A104<>"",IFERROR(IF(SUBSTITUTE(E104,",",".")<>SUBSTITUTE(SUBSTITUTE(J104,",","."),"∞","oo"),1,""),"!"),"") | O104: =IF($A104<>"",IFERROR(IF(SUBSTITUTE(F104,",",".")<>SUBSTITUTE(SUBSTITUTE(K104,",","."),"∞","oo"),1,""),"!"),"") | P104: =IF($A104<>"",IFERROR(IF(SUBSTITUTE(G104,",",".")<>SUBSTITUTE(SUBSTITUTE(L104,",","."),"∞","oo"),1,""),"!"),"")
A105: Адрес | B105: Параметр | C105: Значение/диапазон/шаг | D105: Задаваемый параметр | H105: Комментарий | I105: =TRIM(SUBSTITUTE(INDEX([1]ТУ!$A:$G,MATCH($A105,[1]ТУ!$A:$A,0),3+I$7),"*","")) -> Задаваемый параметр | J105: =TRIM(SUBSTITUTE(INDEX([1]ТУ!$A:$G,MATCH($A105,[1]ТУ!$A:$A,0),3+J$7),"*","")) | K105: =TRIM(SUBSTITUTE(INDEX([1]ТУ!$A:$G,MATCH($A105,[1]ТУ!$A:$A,0),3+K$7),"*","")) | L105: =TRIM(SUBSTITUTE(INDEX([1]ТУ!$A:$G,MATCH($A105,[1]ТУ!$A:$A,0),3+L$7),"*","")) | M105: =IF($A105<>"",IFERROR(IF(SUBSTITUTE(D105,",",".")<>SUBSTITUTE(SUBSTITUTE(I105,",","."),"∞","oo"),1,""),"!"),"") | N105: =IF($A105<>"",IFERROR(IF(SUBSTITUTE(E105,",",".")<>SUBSTITUTE(SUBSTITUTE(J105,",","."),"∞","oo"),1,""),"!"),"") | O105: =IF($A105<>"",IFERROR(IF(SUBSTITUTE(F105,",",".")<>SUBSTITUTE(SUBSTITUTE(K105,",","."),"∞","oo"),1,""),"!"),"") | P105: =IF($A105<>"",IFERROR(IF(SUBSTITUTE(G105,",",".")<>SUBSTITUTE(SUBSTITUTE(L105,",","."),"∞","oo"),1,""),"!"),"")
I106: =TRIM(SUBSTITUTE(INDEX([1]ТУ!$A:$G,MATCH($A106,[1]ТУ!$A:$A,0),3+I$7),"*","")) -> #N/A | J106: =TRIM(SUBSTITUTE(INDEX([1]ТУ!$A:$G,MATCH($A106,[1]ТУ!$A:$A,0),3+J$7),"*","")) -> #N/A | K106: =TRIM(SUBSTITUTE(INDEX([1]ТУ!$A:$G,MATCH($A106,[1]ТУ!$A:$A,0),3+K$7),"*","")) -> #N/A | L106: =TRIM(SUBSTITUTE(INDEX([1]ТУ!$A:$G,MATCH($A106,[1]ТУ!$A:$A,0),3+L$7),"*","")) -> #N/A | M106: =IF($A106<>"",IFERROR(IF(SUBSTITUTE(D106,",",".")<>SUBSTITUTE(SUBSTITUTE(I106,",","."),"∞","oo"),1,""),"!"),"") | N106: =IF($A106<>"",IFERROR(IF(SUBSTITUTE(E106,",",".")<>SUBSTITUTE(SUBSTITUTE(J106,",","."),"∞","oo"),1,""),"!"),"") | O106: =IF($A106<>"",IFERROR(IF(SUBSTITUTE(F106,",",".")<>SUBSTITUTE(SUBSTITUTE(K106,",","."),"∞","oo"),1,""),"!"),"") | P106: =IF($A106<>"",IFERROR(IF(SUBSTITUTE(G106,",",".")<>SUBSTITUTE(SUBSTITUTE(L106,",","."),"∞","oo"),1,""),"!"),"")
A107: 0x200004106990 | B107: РазнU АсинхрВкл | C107: 0.5 … 40.0 В | D107: 22.7 В | H107: Макс.разница напряжений для асинхр.вкл. | I107: =TRIM(SUBSTITUTE(INDEX([1]ТУ!$A:$G,MATCH($A107,[1]ТУ!$A:$A,0),3+I$7),"*","")) -> 22.7 В | J107: =TRIM(SUBSTITUTE(INDEX([1]ТУ!$A:$G,MATCH($A107,[1]ТУ!$A:$A,0),3+J$7),"*","")) | K107: =TRIM(SUBSTITUTE(INDEX([1]ТУ!$A:$G,MATCH($A107,[1]ТУ!$A:$A,0),3+K$7),"*","")) | L107: =TRIM(SUBSTITUTE(INDEX([1]ТУ!$A:$G,MATCH($A107,[1]ТУ!$A:$A,0),3+L$7),"*","")) | M107: =IF($A107<>"",IFERROR(IF(SUBSTITUTE(D107,",",".")<>SUBSTITUTE(SUBSTITUTE(I107,",","."),"∞","oo"),1,""),"!"),"") | N107: =IF($A107<>"",IFERROR(IF(SUBSTITUTE(E107,",",".")<>SUBSTITUTE(SUBSTITUTE(J107,",","."),"∞","oo"),1,""),"!"),"") | O107: =IF($A107<>"",IFERROR(IF(SUBSTITUTE(F107,",",".")<>SUBSTITUTE(SUBSTITUTE(K107,",","."),"∞","oo"),1,""),"!"),"") | P107: =IF($A107<>"",IFERROR(IF(SUBSTITUTE(G107,",",".")<>SUBSTITUTE(SUBSTITUTE(L107,",","."),"∞","oo"),1,""),"!"),"")
...
